<?xml version="1.0" encoding="UTF-8"?>
<rss version="2.0"
	xmlns:excerpt="http://wordpress.org/export/1.0/excerpt/"
	xmlns:content="http://purl.org/rss/1.0/modules/content/"
	xmlns:wfw="http://wellformedweb.org/CommentAPI/"
	xmlns:dc="http://purl.org/dc/elements/1.1/"
	xmlns:wp="http://wordpress.org/export/1.0/"
>

<channel>
	<title>broken robot blog</title>
	<link></link>
	<description>coding, engineering, design, tech</description>
	<pubDate>Mon Jun 23 20:16:58 -0700 2008</pubDate>
	<generator>http://posterous.com</generator>
	<language>en</language>
	<wp:wxr_version>1.0</wp:wxr_version>
	<wp:base_site_url>http://blog.brokenrobotllc.com</wp:base_site_url>
	<wp:base_blog_url>http://blog.brokenrobotllc.com</wp:base_blog_url>
	
	<image>
		<url>http://files.posterous.com/user_profile_pics/384608/headshot.jpg</url>
		<title>broken robot blog</title>
		<link>http://blog.brokenrobotllc.com</link>
	</image>
	
