<item>
	<title>Apple's TV is the new Apple TV</title>
	<link>http://blog.brokenrobotllc.com/apples-tv-is-the-new-apple-tv</link>
	<pubDate>Sun Apr 29 13:10:21 -0700 2012</pubDate>
	
	<dc:creator><![CDATA[Shaheen Gandhi]]></dc:creator>
	
	

	<category><![CDATA[Uncategorized]]></category>

	<category domain="category" nicename="uncategorized"><![CDATA[Uncategorized]]></category>

  <guid isPermaLink="false">http://blog.brokenrobotllc.com/apples-tv-is-the-new-apple-tv</guid>
	<description></description>
	<content:encoded><![CDATA[<p><a href="http://techcrunch.com/2012/04/28/no-airplay-is-not-the-new-apple-tv/">This TechCrunch
article</a>,
written by David McIntosh of Redux, insists that AirPlay is not the
new Apple TV.  However, it starts from a flawed assumption that Apple
would need to license the technology to many TV manufacturers.</p>

<p>The only technology Apple has really cared to license is the dock
connector, and that was specifically to get an accessory ecosystem
going in order to sell more devices.  Integrating with TVs isn&rsquo;t going
to sell more devices, because the users that would buy such a
television already have a device.  The only immediate incentive Apple
has to license the technology is to collect a hefty licensing fee, but
that doesn&rsquo;t amount to much.</p>

<p>Let&rsquo;s say that licensing fee is $100 per unit (which no TV
manufacturer is going to pay, but let&rsquo;s give Apple the benefit of the
doubt).  There were <a href="http://articles.latimes.com/2012/mar/14/business/la-fi-tn-tv-shipments-20120314">250
million</a>
television shipments last year.  That&rsquo;s a maximum of $24 billion per
year, and we know the per-unit fee and the share of TVs using the
technology would be much smaller.  And with TV shipments falling year
over year, that number would decrease over time.  For a company that
does $13 billion a month in revenue, this is quickly becoming chump
change.</p>

<p>Another indirect incentive for Apple to license AirPlay would be to
increase revenue for iTunes content.  But, iTunes was always a ploy to
attract people to purchasing Apple devices, not vice-versa.</p>

<p>I&rsquo;m still of the opinion that Apple&rsquo;s going to build a TV of its own
and sell it to the richest consumers who already are invested in
Apple&rsquo;s media ecosystem.</p>

<p>~s</p>]]></content:encoded>
	<excerpt:encoded><![CDATA[This TechCrunch article, written by David McIntosh of Redux, insists that AirPlay is not the new Apple TV. However, it starts from a flawed assumption that Apple would need to license the technology to many TV manufacturers. The only technology Ap...]]></excerpt:encoded>	

	<wp:post_date>Sun Apr 29 13:10:21 -0700 2012</wp:post_date>
	<wp:post_date_gmt>%= display_date %></wp:post_date_gmt>
	<wp:comment_status>open</wp:comment_status>
	<wp:ping_status>open</wp:ping_status>
	<wp:post_name>apples-tv-is-the-new-apple-tv</wp:post_name>
	<wp:status>publish</wp:status>
	<wp:post_parent>0</wp:post_parent>
	<wp:menu_order>0</wp:menu_order>
	<wp:post_type>post</wp:post_type>
	<wp:post_password></wp:post_password>
	<wp:is_sticky>0</wp:is_sticky>

	
</item>
