<item>
	<title>TechCrunch on Google TV</title>
	<link>http://blog.brokenrobotllc.com/techcrunch-on-google-tv</link>
	<pubDate>Sun Jul 01 02:47:47 -0700 2012</pubDate>
	
	<dc:creator><![CDATA[Shaheen Gandhi]]></dc:creator>
	
	

	<category><![CDATA[Uncategorized]]></category>

	<category domain="category" nicename="uncategorized"><![CDATA[Uncategorized]]></category>

  <guid isPermaLink="false">http://blog.brokenrobotllc.com/techcrunch-on-google-tv</guid>
	<description></description>
	<content:encoded><![CDATA[<p>TechCrunch <a href="http://techcrunch.com/2012/06/28/googles-tv-strategy-is-doomed/">posted</a>
about Google TV&rsquo;s impending doom.  A particular quote caught my eye:</p>

<blockquote class="posterous_medium_quote"><p>Second, no one is sure what a smart TV is supposed to be, but GTV isn’t it. No one can quite put their finger on what they want a TV to do. Is it supposed to stream home content? Allow you to watch YouTube on the big screen? Offer ways to tweet from your couch? All those things happen more quickly and more efficiently on laptops and tablets. Why co-opt the biggest screen in the house?</p></blockquote>

<p>This confusion is exactly why I think TVs <a href="http://blog.brokenrobotllc.com/dumb-tvs-are-the-future">should be
dumb</a>.  The
smarts are in the palm of your hand.  The TV is best used as a big
screen that celebrates content.</p>

<p>~s</p>]]></content:encoded>
	<excerpt:encoded><![CDATA[TechCrunch posted about Google TV’s impending doom. A particular quote caught my eye: Second, no one is sure what a smart TV is supposed to be, but GTV isn’t it. No one can quite put their finger on what they want a TV to do. Is it supposed to str...]]></excerpt:encoded>	

	<wp:post_date>Sun Jul 01 02:47:47 -0700 2012</wp:post_date>
	<wp:post_date_gmt>%= display_date %></wp:post_date_gmt>
	<wp:comment_status>open</wp:comment_status>
	<wp:ping_status>open</wp:ping_status>
	<wp:post_name>techcrunch-on-google-tv</wp:post_name>
	<wp:status>publish</wp:status>
	<wp:post_parent>0</wp:post_parent>
	<wp:menu_order>0</wp:menu_order>
	<wp:post_type>post</wp:post_type>
	<wp:post_password></wp:post_password>
	<wp:is_sticky>0</wp:is_sticky>

	
</item>
