<item>
	<title>It's Time for iOS Default Apps</title>
	<link>http://blog.brokenrobotllc.com/its-time-for-ios-default-apps</link>
	<pubDate>Wed Dec 19 00:16:28 -0800 2012</pubDate>
	
	<dc:creator><![CDATA[Shaheen Gandhi]]></dc:creator>
	
	

	<category><![CDATA[Uncategorized]]></category>

	<category domain="category" nicename="uncategorized"><![CDATA[Uncategorized]]></category>

  <guid isPermaLink="false">http://blog.brokenrobotllc.com/its-time-for-ios-default-apps</guid>
	<description></description>
	<content:encoded><![CDATA[In 2009, the European Commission and Microsoft came to an agreement to <br />provide a screen that offers the user a choice as to which browser <br />should be opened by default upon the selection of a web link. It's <br />time that people demanded the same of Apple. Already, Apple's own <br />applications are being steadily replaced with better alternatives. <br />Many people choose to use different camera applications because they <br />are faster, provide better image stabilization features, or simply <br />provide fun filters. I choose to use Chrome when possible as my <br />browser. However, there are times when I am not able to exercise this <br />choice. In particular, this is when the operating system's ability to <br />highlight text areas that match a web link is used to open that link <br />in a browser. <p /> Similarly, this is true for other items: text that looks like <br />addresses will always open in Apple's maps app, which we all know to <br />be a disaster when it comes to finding locations, and for which we <br />have an alternative. <p /> There are [certain ways](<a href="http://www.iphonefaq.org/archives/971788)">http://www.iphonefaq.org/archives/971788)</a> to <br />change your default browser or other applications, but they generally <br />void your ability to get support from your carrier and are difficult <br />for the average person to use. <p /> Apple should: <p /> * Provide for selection of a default web browser <br />* Provide for selection of a default maps application <br />* Allow applications to provide default sheets, such as send mail, <br />take photo, pick photo, send message, etc. <p /> There are [signs](<a href="http://oleb.net/blog/2012/10/remote-view-controllers-in-ios-6/)">http://oleb.net/blog/2012/10/remote-view-controllers-in-ios-6/)</a> <br />that iOS has the functionality to allow this already. When pressed, <br />I'm sure Apple will come up with arguments indicating that disallowing <br />these choices keeps the platform secure and keeps the quality of user <br />experience very high. However, we should remind ourselves that <br />neither Firefox nor Chrome (and for that matter, Safari) would have <br />gained popularity without that original decision. <p /> ~s]]></content:encoded>
	<excerpt:encoded><![CDATA[In 2009, the European Commission and Microsoft came to an agreement to provide a screen that offers the user a choice as to which browser should be opened by default upon the selection of a web link. It's time that people demanded the same of Appl...]]></excerpt:encoded>	

	<wp:post_date>Wed Dec 19 00:16:28 -0800 2012</wp:post_date>
	<wp:post_date_gmt>%= display_date %></wp:post_date_gmt>
	<wp:comment_status>open</wp:comment_status>
	<wp:ping_status>open</wp:ping_status>
	<wp:post_name>its-time-for-ios-default-apps</wp:post_name>
	<wp:status>publish</wp:status>
	<wp:post_parent>0</wp:post_parent>
	<wp:menu_order>0</wp:menu_order>
	<wp:post_type>post</wp:post_type>
	<wp:post_password></wp:post_password>
	<wp:is_sticky>0</wp:is_sticky>

	
</item>
