<item>
	<title>Saving Money on Car Leases</title>
	<link>http://blog.brokenrobotllc.com/saving-money-on-car-leases</link>
	<pubDate>Thu Jun 10 12:57:07 -0700 2010</pubDate>
	
	<dc:creator><![CDATA[Shaheen Gandhi]]></dc:creator>
	
	

	<category><![CDATA[Uncategorized]]></category>

	<category domain="category" nicename="uncategorized"><![CDATA[Uncategorized]]></category>

  <guid isPermaLink="false">http://blog.brokenrobotllc.com/saving-money-on-car-leases</guid>
	<description></description>
	<content:encoded><![CDATA[About seven years ago, I leased my second car (though it was my first <br />lease). I wasn't very knowledgeable about leases, and like many first <br />timers, I looked at the monthly payment and decided it felt alright. <br />I was lucky enough to afford it and felt like it fit within my budget. <br /> Back then, I was not as fastidious about budgeting my money as I am <br />today. <p /> When the lease on my first car was over, I went back to the dealer to <br />look into leasing the successor to my car. When the dealer showed me <br />the new lease terms, I balked: the monthly payment was quite a bit <br />higher than my previous one, but the car wasn't that much more <br />expensive. While I asked the dealer why that would be, I don't <br />remember his answer - I don't think I would have believed it anyway. <br />So, I went to find out for myself. <p /> After reading a ton of different resources related to car leases, I <br />created a spreadsheet to help me analyze where my money was being <br />spent. In doing so, I figured out the various ways I could save money <br />on the car I wanted. Many years later, I wanted to revisit this topic <br />to present at Ignite Seattle, but the topic wasn't selected by the <br />Ignite coordinators. Regardless, I thought I'd create a simple <br />presentation outlining why it's possible to negotiate a car lease, how <br />car leases work, and what points to negotiate once you've gotten <br />enough data. <p /> Attached to this post are the presentation and the spreadsheet. Try <br />them out and let me know if you find them useful! <p /> ~s<p><div class='p_embed p_file_embed'>
<a href="http://getfile8.posterous.com/getfile/files.posterous.com/shaheen/vu1OuiGHze85o9WUCfZb3mijUG6aePn5LSeOyQvN9HTlof19NCoN9JyTx2lJ/carlease.pptx"><div class='p_icon'></div>
<div class='p_text'>carlease.pptx</div>
</a></div>
</p><p><div class='p_embed p_file_embed'>
<a href="http://getfile9.posterous.com/getfile/files.posterous.com/shaheen/p0CxEnv4kUETtxS6cduGebuXOC0VlI8Pbyy2lbyKnNekZ2WEBO0PFopgeVvR/carlease.xls"><div class='p_icon'></div>
<div class='p_text'>carlease.xls</div>
</a></div>
</p>]]></content:encoded>
	<excerpt:encoded><![CDATA[About seven years ago, I leased my second car (though it was my first lease). I wasn't very knowledgeable about leases, and like many first timers, I looked at the monthly payment and decided it felt alright. I was lucky enough to afford it and fe...]]></excerpt:encoded>	

	<wp:post_date>Thu Jun 10 12:57:07 -0700 2010</wp:post_date>
	<wp:post_date_gmt>%= display_date %></wp:post_date_gmt>
	<wp:comment_status>open</wp:comment_status>
	<wp:ping_status>open</wp:ping_status>
	<wp:post_name>saving-money-on-car-leases</wp:post_name>
	<wp:status>publish</wp:status>
	<wp:post_parent>0</wp:post_parent>
	<wp:menu_order>0</wp:menu_order>
	<wp:post_type>post</wp:post_type>
	<wp:post_password></wp:post_password>
	<wp:is_sticky>0</wp:is_sticky>

	
		<wp:comment>
			<!-- <wp:comment_id>5</wp:comment_id> -->
			<wp:comment_author><![CDATA[stratacus9]]></wp:comment_author>
			<wp:comment_author_email></wp:comment_author_email>
			<wp:comment_author_url></wp:comment_author_url>
			<wp:comment_date>Fri Jun 25 18:21:41 -0700 2010</wp:comment_date>
			<wp:comment_date_gmt>Fri Jun 25 18:21:41 -0700 2010</wp:comment_date_gmt>
			<wp:comment_content><![CDATA[a large reason for the death of the lease market is the decreased value of the used car market. residual values on cars are very low.]]></wp:comment_content>
			<wp:comment_approved>1</wp:comment_approved>
			<wp:comment_type></wp:comment_type>
			<wp:comment_parent>0</wp:comment_parent>
		</wp:comment>
	
		<wp:comment>
			<!-- <wp:comment_id>5</wp:comment_id> -->
			<wp:comment_author><![CDATA[]]></wp:comment_author>
			<wp:comment_author_email></wp:comment_author_email>
			<wp:comment_author_url></wp:comment_author_url>
			<wp:comment_date>Fri Jun 25 18:24:31 -0700 2010</wp:comment_date>
			<wp:comment_date_gmt>Fri Jun 25 18:24:31 -0700 2010</wp:comment_date_gmt>
			<wp:comment_content><![CDATA[@stratacus9 interesting!]]></wp:comment_content>
			<wp:comment_approved>1</wp:comment_approved>
			<wp:comment_type></wp:comment_type>
			<wp:comment_parent>0</wp:comment_parent>
		</wp:comment>
	
		<wp:comment>
			<!-- <wp:comment_id>5</wp:comment_id> -->
			<wp:comment_author><![CDATA[TestDriveTech]]></wp:comment_author>
			<wp:comment_author_email>testdrivetech@gmail.com</wp:comment_author_email>
			<wp:comment_author_url></wp:comment_author_url>
			<wp:comment_date>Sat Jun 26 12:28:30 -0700 2010</wp:comment_date>
			<wp:comment_date_gmt>Sat Jun 26 12:28:30 -0700 2010</wp:comment_date_gmt>
			<wp:comment_content><![CDATA[If anything the used car market in the last year has seen a huge boom in prices. How are you coming up with a decreased value? I agree that leasing companies are struggling but the used car market is pounding the new car market. If you don't believe me look at this: http://wcm.adesa.com/wps/wcm/connect/eb6c388042d0e6bcb135f9a2a29a15f0/ADESA%2BAnalytical%2BServices%2BAuction%2BIndustry%2BWholesale%2BPrice%2BTrends.ppt?MOD=AJPERES&amp;ContentCache=NONE]]></wp:comment_content>
			<wp:comment_approved>1</wp:comment_approved>
			<wp:comment_type></wp:comment_type>
			<wp:comment_parent>0</wp:comment_parent>
		</wp:comment>
	
</item>
