<item>
	<title>Testing Facebook Integration</title>
	<link>http://blog.brokenrobotllc.com/testing-facebook-integration</link>
	<pubDate>Thu Jun 24 13:18:37 -0700 2010</pubDate>
	
	<dc:creator><![CDATA[Shaheen Gandhi]]></dc:creator>
	
	

	<category><![CDATA[Uncategorized]]></category>

	<category domain="category" nicename="uncategorized"><![CDATA[Uncategorized]]></category>

  <guid isPermaLink="false">http://blog.brokenrobotllc.com/testing-facebook-integration</guid>
	<description></description>
	<content:encoded><![CDATA[This is a test post to test the autopost feature to my facebook account. <p /> ~s]]></content:encoded>
	<excerpt:encoded><![CDATA[This is a test post to test the autopost feature to my facebook account. ~s]]></excerpt:encoded>	

	<wp:post_date>Thu Jun 24 13:18:37 -0700 2010</wp:post_date>
	<wp:post_date_gmt>%= display_date %></wp:post_date_gmt>
	<wp:comment_status>open</wp:comment_status>
	<wp:ping_status>open</wp:ping_status>
	<wp:post_name>testing-facebook-integration</wp:post_name>
	<wp:status>publish</wp:status>
	<wp:post_parent>0</wp:post_parent>
	<wp:menu_order>0</wp:menu_order>
	<wp:post_type>post</wp:post_type>
	<wp:post_password></wp:post_password>
	<wp:is_sticky>0</wp:is_sticky>

	
		<wp:comment>
			<!-- <wp:comment_id>5</wp:comment_id> -->
			<wp:comment_author><![CDATA[]]></wp:comment_author>
			<wp:comment_author_email></wp:comment_author_email>
			<wp:comment_author_url></wp:comment_author_url>
			<wp:comment_date>Fri Jun 25 09:05:01 -0700 2010</wp:comment_date>
			<wp:comment_date_gmt>Fri Jun 25 09:05:01 -0700 2010</wp:comment_date_gmt>
			<wp:comment_content><![CDATA[came here via FB, so it works.]]></wp:comment_content>
			<wp:comment_approved>1</wp:comment_approved>
			<wp:comment_type></wp:comment_type>
			<wp:comment_parent>0</wp:comment_parent>
		</wp:comment>
	
</item>
