<item>
	<title>Leaving Microsoft</title>
	<link>http://blog.brokenrobotllc.com/leaving-microsoft-4</link>
	<pubDate>Thu Jul 01 16:00:22 -0700 2010</pubDate>
	
	<dc:creator><![CDATA[Shaheen Gandhi]]></dc:creator>
	
	

	<category><![CDATA[Uncategorized]]></category>

	<category domain="category" nicename="uncategorized"><![CDATA[Uncategorized]]></category>

  <guid isPermaLink="false">http://blog.brokenrobotllc.com/leaving-microsoft-4</guid>
	<description></description>
	<content:encoded><![CDATA[After six years and eleven months (plus two internships before that), today is my last day at Microsoft.  Over that period time, I&#39;ve had the opportunity to help Xbox grow from a scrappy team to the critically important organization it is today.  I couldn&#39;t have asked for a better job out of college, especially since it was my dream to work on video game operating systems.  When I became a full time employee at Xbox, I had a number of goals, but two in particular: make Xbox input #1 for as many people on the planet as possible, and personally be responsible for 10+ billion person-minutes of time enjoyed.  I get to say I achieved that last goal by writing the Netflix application for Xbox 360.  I had tried for years through other efforts (I worked heavily on the HD DVD player as well as IPTV), but they weren&#39;t nearly as successful.  To this day, I still have a chip on my shoulder about the format wars.<p /> Leaving Microsoft is bittersweet: I love the company and the people I&#39;ve worked with.  Even after its <a href="http://www.engadget.com/2010/06/30/microsoft-kin-is-dead/" target="_blank">recent</a> <a href="http://gizmodo.com/5527442/" target="_blank">missteps</a>, the company still has the potential to change the world just as well as the valley&#39;s darlings, especially given the engineering talent.  And, in particular, Xbox as a group of people has an unrelenting soul intending to make interactive media better all the time.  I don&#39;t know of any other companies experimenting with how you interact with media like video games, movies and music at scale, and that uniqueness offers an opportunity to build to even greater things.<p /> So why leave Microsoft?  For the last year, I was working on the now-canceled Courier project, and the cancellation gave me an opportunity to see the lay of the land at Microsoft and elsewhere.  Around the same time (actually a month later), Facebook announced their entry into the Seattle tech scene.  It seemed like the right opportunity to try something new.  Also, what better place to learn about keeping up with runaway growth?  I&#39;m looking forward to tackling some difficult computer science problems, which you don&#39;t typically get to do as an embedded systems engineer.<p /><div>This blog is also something new for me.  I&#39;m hoping to shed some light on interactive media, where media businesses are going in their shift to digital, and how consumer computing fits in.  I&#39;m not sure what personality the blog will take on - we&#39;ll see as time goes on.<br /> <div><div><div><div><div> <br />~s<br /> </div></div></div></div></div></div>]]></content:encoded>
	<excerpt:encoded><![CDATA[After six years and eleven months (plus two internships before that), today is my last day at Microsoft. Over that period time, I've had the opportunity to help Xbox grow from a scrappy team to the critically important organization it is today. I ...]]></excerpt:encoded>	

	<wp:post_date>Thu Jul 01 16:00:22 -0700 2010</wp:post_date>
	<wp:post_date_gmt>%= display_date %></wp:post_date_gmt>
	<wp:comment_status>open</wp:comment_status>
	<wp:ping_status>open</wp:ping_status>
	<wp:post_name>leaving-microsoft-0</wp:post_name>
	<wp:status>publish</wp:status>
	<wp:post_parent>0</wp:post_parent>
	<wp:menu_order>0</wp:menu_order>
	<wp:post_type>post</wp:post_type>
	<wp:post_password></wp:post_password>
	<wp:is_sticky>0</wp:is_sticky>

	
		<wp:comment>
			<!-- <wp:comment_id>5</wp:comment_id> -->
			<wp:comment_author><![CDATA[]]></wp:comment_author>
			<wp:comment_author_email></wp:comment_author_email>
			<wp:comment_author_url></wp:comment_author_url>
			<wp:comment_date>Fri Jul 02 08:38:39 -0700 2010</wp:comment_date>
			<wp:comment_date_gmt>Fri Jul 02 08:38:39 -0700 2010</wp:comment_date_gmt>
			<wp:comment_content><![CDATA[It's about time...]]></wp:comment_content>
			<wp:comment_approved>1</wp:comment_approved>
			<wp:comment_type></wp:comment_type>
			<wp:comment_parent>0</wp:comment_parent>
		</wp:comment>
	
		<wp:comment>
			<!-- <wp:comment_id>5</wp:comment_id> -->
			<wp:comment_author><![CDATA[]]></wp:comment_author>
			<wp:comment_author_email>mightyzug@gmail.com</wp:comment_author_email>
			<wp:comment_author_url></wp:comment_author_url>
			<wp:comment_date>Sat Jul 03 12:06:34 -0700 2010</wp:comment_date>
			<wp:comment_date_gmt>Sat Jul 03 12:06:34 -0700 2010</wp:comment_date_gmt>
			<wp:comment_content><![CDATA[Onwards and upwards. Sounds like the time was right, but never easy to make a big change. 

May good fortune await!]]></wp:comment_content>
			<wp:comment_approved>1</wp:comment_approved>
			<wp:comment_type></wp:comment_type>
			<wp:comment_parent>0</wp:comment_parent>
		</wp:comment>
	
		<wp:comment>
			<!-- <wp:comment_id>5</wp:comment_id> -->
			<wp:comment_author><![CDATA[]]></wp:comment_author>
			<wp:comment_author_email></wp:comment_author_email>
			<wp:comment_author_url></wp:comment_author_url>
			<wp:comment_date>Tue Jul 20 18:18:34 -0700 2010</wp:comment_date>
			<wp:comment_date_gmt>Tue Jul 20 18:18:34 -0700 2010</wp:comment_date_gmt>
			<wp:comment_content><![CDATA[LOL at Chris's comment! Good luck Shaheen!]]></wp:comment_content>
			<wp:comment_approved>1</wp:comment_approved>
			<wp:comment_type></wp:comment_type>
			<wp:comment_parent>0</wp:comment_parent>
		</wp:comment>
	
</item>
