<item>
	<title>Apple and Rovi</title>
	<link>http://blog.brokenrobotllc.com/apple-and-rovi</link>
	<pubDate>Mon Sep 20 13:23:36 -0700 2010</pubDate>
	
	<dc:creator><![CDATA[Shaheen Gandhi]]></dc:creator>
	
	

	<category><![CDATA[Uncategorized]]></category>

	<category domain="category" nicename="uncategorized"><![CDATA[Uncategorized]]></category>

  <guid isPermaLink="false">http://blog.brokenrobotllc.com/apple-and-rovi</guid>
	<description></description>
	<content:encoded><![CDATA[<a href="http://digitaldaily.allthingsd.com/20100920/what-does-apple-want-with-rovi/?mod=twitter&amp;utm_source=twitterfeed&amp;utm_medium=twitter">This article</a> points out that Apple may be holding back its development of the features I previously mentioned.  I tend to agree - there&#39;s only one way for Apple (or someone) to go, and that is to build an all-inclusive device that finally gets rid of your cable box, DVD player and potentially game consoles.  If you want to take over the TV, that&#39;s what you gotta do.<p /> ~s]]></content:encoded>
	<excerpt:encoded><![CDATA[This article points out that Apple may be holding back its development of the features I previously mentioned. I tend to agree - there's only one way for Apple (or someone) to go, and that is to build an all-inclusive device that finally gets rid ...]]></excerpt:encoded>	

	<wp:post_date>Mon Sep 20 13:23:36 -0700 2010</wp:post_date>
	<wp:post_date_gmt>%= display_date %></wp:post_date_gmt>
	<wp:comment_status>open</wp:comment_status>
	<wp:ping_status>open</wp:ping_status>
	<wp:post_name>apple-and-rovi</wp:post_name>
	<wp:status>publish</wp:status>
	<wp:post_parent>0</wp:post_parent>
	<wp:menu_order>0</wp:menu_order>
	<wp:post_type>post</wp:post_type>
	<wp:post_password></wp:post_password>
	<wp:is_sticky>0</wp:is_sticky>

	
</item>
