<item>
	<title>The Phantom Dock Connector</title>
	<link>http://blog.brokenrobotllc.com/the-phantom-dock-connector</link>
	<pubDate>Wed Oct 06 11:18:34 -0700 2010</pubDate>
	
	<dc:creator><![CDATA[Shaheen Gandhi]]></dc:creator>
	
	

	<category><![CDATA[Uncategorized]]></category>

	<category domain="category" nicename="uncategorized"><![CDATA[Uncategorized]]></category>

  <guid isPermaLink="false">http://blog.brokenrobotllc.com/the-phantom-dock-connector</guid>
	<description></description>
	<content:encoded><![CDATA[Maybe I wasn&#39;t so wrong after all.  <a href="http://bit.ly/c4qekJ">This teardown</a> at iFixIt shows (at step 8) solder pads that are a perfect fit for a dock connector.  It&#39;s obvious that Apple has thought about a dock connector for Apple TV.  Perhaps they were primarily thinking about the dock connector as a conduit for playing your music in your living room using your iPod, but when you have AirPlay you don&#39;t really need that.  I hope Apple comes around to the idea of using the dock connector more as a way to extend an ecosystem for software and hardware developers and places a dock connector on the next iteration of Apple TV.<p /> ~s]]></content:encoded>
	<excerpt:encoded><![CDATA[Maybe I wasn't so wrong after all. This teardown at iFixIt shows (at step 8) solder pads that are a perfect fit for a dock connector. It's obvious that Apple has thought about a dock connector for Apple TV. Perhaps they were primarily thinking abo...]]></excerpt:encoded>	

	<wp:post_date>Wed Oct 06 11:18:34 -0700 2010</wp:post_date>
	<wp:post_date_gmt>%= display_date %></wp:post_date_gmt>
	<wp:comment_status>open</wp:comment_status>
	<wp:ping_status>open</wp:ping_status>
	<wp:post_name>the-phantom-dock-connector</wp:post_name>
	<wp:status>publish</wp:status>
	<wp:post_parent>0</wp:post_parent>
	<wp:menu_order>0</wp:menu_order>
	<wp:post_type>post</wp:post_type>
	<wp:post_password></wp:post_password>
	<wp:is_sticky>0</wp:is_sticky>

	
</item>
