<item>
	<title>iOS: HTTP Connection Management</title>
	<link>http://blog.brokenrobotllc.com/ios-http-connection-management</link>
	<pubDate>Fri Oct 08 00:27:55 -0700 2010</pubDate>
	
	<dc:creator><![CDATA[Shaheen Gandhi]]></dc:creator>
	
	

	<category><![CDATA[Uncategorized]]></category>

	<category domain="category" nicename="uncategorized"><![CDATA[Uncategorized]]></category>

  <guid isPermaLink="false">http://blog.brokenrobotllc.com/ios-http-connection-management</guid>
	<description></description>
	<content:encoded><![CDATA[In my <a href="http://blog.brokenrobotllc.com/ios-cached-image-loaders">previous post</a>, I detailed a common software pattern that anyone writing media-rich iOS apps probably runs into, so I was surprised Apple hadn&#39;t provided a generic implementation in the SDK.  Another pattern I&#39;m running into is a prioritized and throttled HTTP connection pool.<p /> As you navigate through a media-rich application that loads resources, the resources need to be streamed in to support the user&#39;s working set.  However, it&#39;s possible the user transitions among working sets very quickly, invaliding the previous working set before all of its resources are even loaded.  For example, you can imagine a photo gallery app that has one continuous view of a large photo album.  The user may scroll through lots of photos before they are even loaded in an effort to get to the end of the album.<p /> While the cache explained in my previous post would help keep everything stable, the cache still needs to go out to storage to retrieve the photos.  In order to make things simple, developers typically write code that serially retrieves required resources, disregarding whether they are in the working set anymore.  If the cache is still interested, it will store the retrieved data.  Otherwise, it will drop it on the floor.  However, this can result in a poor user experience in the scenario above, where the user must wait for all the previously requested images to load before the ones at the bottom do.  The challenge is to make the code better to not retrieve resources once they are outside the working set.<p /> In more complex scenarios, the application may want to lazily load resources in the background while the user works on the current working set.  However, this can once again create the same poor experience if the user must wait for these background resources to complete loading before resources in the user&#39;s working set are loaded.  Even worse, these background resources may not even be visible, so the user has no idea why she is waiting!<p /> Hence the need for prioritizing HTTP connections.  To do this, one needs to assign a relative priority to each connection and place it in a pool of requests.  Once in the pool, some logic needs to decide the right connection to execute.  You can easily add more complexity by allowing multiple connections in flight.  The generic pattern here is that of a scheduler: &quot;objects&quot; become &quot;ready&quot; and are then &quot;scheduled&quot; for &quot;execution&quot; once &quot;compute resources&quot; are available.  The &quot;scheduling&quot; of an object can be simple or complex: operating systems are known for having algorithms that attempt to fairly give compute resources to lots of objects with differing priorities.  Validating the fairness of a scheduling algorithm can <a href="http://www.msteched.com/2009/NorthAmerica/WCL402">get pretty hairy</a>.  For our problem, simpler solutions are typically good enough.<p /> An orthogonal, but also related, problem one runs into when developing apps that have a lot of HTTP traffic is that of throttling.  Lots of web services want clients to throttle their connections in an effort to curtail abusive usage.  However, the HTTP library on iOS doesn&#39;t have a way to throttle a bunch of connections to the same HTTP server.  Most web services only allow a certain number of connections every period of time.  However, in an age where multiple connections to each server are the norm, that could mean several things.  Conservatively, an HTTP library could provide a static period between the closure of one connection and the opening of the next to the same server.<p /> I&#39;ve solved these problems within the context of the app that I&#39;m currently writing.  Currently, it&#39;s not the most general solution as it is tailored to the MPOAuth connection library.  Hopefully I will get some time to refactor it and throw it up on github.  Let me know if this would be useful to you!<p /> ~s]]></content:encoded>
	<excerpt:encoded><![CDATA[In my previous post, I detailed a common software pattern that anyone writing media-rich iOS apps probably runs into, so I was surprised Apple hadn't provided a generic implementation in the SDK. Another pattern I'm running into is a prioritized a...]]></excerpt:encoded>	

	<wp:post_date>Fri Oct 08 00:27:55 -0700 2010</wp:post_date>
	<wp:post_date_gmt>%= display_date %></wp:post_date_gmt>
	<wp:comment_status>open</wp:comment_status>
	<wp:ping_status>open</wp:ping_status>
	<wp:post_name>ios-http-connection-management</wp:post_name>
	<wp:status>publish</wp:status>
	<wp:post_parent>0</wp:post_parent>
	<wp:menu_order>0</wp:menu_order>
	<wp:post_type>post</wp:post_type>
	<wp:post_password></wp:post_password>
	<wp:is_sticky>0</wp:is_sticky>

	
		<wp:comment>
			<!-- <wp:comment_id>5</wp:comment_id> -->
			<wp:comment_author><![CDATA[]]></wp:comment_author>
			<wp:comment_author_email></wp:comment_author_email>
			<wp:comment_author_url></wp:comment_author_url>
			<wp:comment_date>Fri Oct 08 02:00:28 -0700 2010</wp:comment_date>
			<wp:comment_date_gmt>Fri Oct 08 02:00:28 -0700 2010</wp:comment_date_gmt>
			<wp:comment_content><![CDATA[Have you looked over ASIHTTP's queues, cache delegate and and its take on bandwidth throttling? You might also want to check out their take on keep alive. http://github.com/pokeb/asi-http-request.

The ability to define weights across services would be interesting. I believe you can create parallel queues and just manage their depths independently right now but coordination allocating to queues based on server end points and queue to queue weighting sounds like new territory.

One thing I ran into was that a single request failure will cancel everything else in the queue under the default setting. I feel like this is too pessimistic for a default but that's just me. I've never tried the bandwidth throttling but I believe it is universal not queue specific.

Being able to more easily keep the queued requests weighting in sync with a data set is interesting stuff. Looking forward to seeing what you put together.]]></wp:comment_content>
			<wp:comment_approved>1</wp:comment_approved>
			<wp:comment_type></wp:comment_type>
			<wp:comment_parent>0</wp:comment_parent>
		</wp:comment>
	
		<wp:comment>
			<!-- <wp:comment_id>5</wp:comment_id> -->
			<wp:comment_author><![CDATA[]]></wp:comment_author>
			<wp:comment_author_email></wp:comment_author_email>
			<wp:comment_author_url></wp:comment_author_url>
			<wp:comment_date>Sat Oct 09 09:55:47 -0700 2010</wp:comment_date>
			<wp:comment_date_gmt>Sat Oct 09 09:55:47 -0700 2010</wp:comment_date_gmt>
			<wp:comment_content><![CDATA[nice, i hadn't seen that before.  i will look into using it in the future.]]></wp:comment_content>
			<wp:comment_approved>1</wp:comment_approved>
			<wp:comment_type></wp:comment_type>
			<wp:comment_parent>0</wp:comment_parent>
		</wp:comment>
	
</item>
