<item>
	<title>Television &amp; Side Channel Interaction</title>
	<link>http://blog.brokenrobotllc.com/television-side-channel-interaction</link>
	<pubDate>Mon Oct 18 22:45:06 -0700 2010</pubDate>
	
	<dc:creator><![CDATA[Shaheen Gandhi]]></dc:creator>
	
	

	<category><![CDATA[Uncategorized]]></category>

	<category domain="category" nicename="uncategorized"><![CDATA[Uncategorized]]></category>

  <guid isPermaLink="false">http://blog.brokenrobotllc.com/television-side-channel-interaction</guid>
	<description></description>
	<content:encoded><![CDATA[One of the trickiest problems of bringing applications and tons of content to TV is that of search: finding the right content at the right time.  Xbox solved it through what is hopefully an intuitive, if sometimes dull, UI: Video marketplace, games marketplace, in-game content marketplaces, Netflix, etc. are menu-driven experiences that expose long lists of content to the user.  While it has nice animations and 3d perspective, it&#39;s still a list of titles.  PlayStation has similar designs, as does Apple on Apple TV.  Google, on the other hand, has focused on text search as a content discovery solution.  At first glance, that seems like a truly fresh approach to the problem.  After all, I find lots of content that way on the web.<p /> However, as Google is finding out right now, the problem is in getting text onto the screen: who wants to sit with a keyboard on her lap while on the couch?  I just left my keyboard at work; I don&#39;t want to see another one when I get home to relax!  The new Sony Google TV has <a href="http://techcrunch.com/2010/10/05/google-tv-remote/">a horrendous remote</a> that will <i>not</i> be winning over any critics.  Xbox also has a <a href="http://www.amazon.com/Xbox-360-Text-Messaging-Kit/dp/B000UN3UDQ">text entry attachment</a> for its controllers, but it&#39;s completely optional and very much likely that 90% of the user base doesn&#39;t know it exists (let alone need it to enter text).<p /> What most of these system implementers are missing is that many users (especially ones likely to get a fancy Internet TV) already have great text entry devices in their hands: a smartphone.  There is only one reason not to leverage that fact: accessories.  For Xbox (and other traditional hardware manufacturers), accessories are a source of major profit, overcoming the console&#39;s loss and thus making money for the venture as a whole.  However, these accessories attach at about 5% in successful scenarios.  That means 95% of your user base doesn&#39;t see the value of the scenario that you&#39;re solving through the accessory.  One might wonder why you went ahead and developed the code behind that scenario in the first place, but that&#39;s a whole other discussion.  My point is that, while accessories are profitable, your ultimate goal should be to enable great scenarios and accessories aren&#39;t helping 95% of your users.<p /> But, let&#39;s take the theory a step further.  Is there a reason to use the smartphone as a text entry device?  Not really.  What I truly want to do is manipulate the content on the big screen.  The smartphone (or tablet?) in front of me is already efficient at fine-grained interactions like search &amp; browse.  The TV is really good at one thing: throwing sound &amp; video at me (and those around me) with the highest fidelity available.  The best thing technology can do in this situation is <i>get out of the way</i>, and the best way for it to do that is to put everything right in front of the user on a smaller device.<p /> I want to call this &quot;side channel interaction,&quot; and it&#39;s uniquely appropriate for a living room situation.  While the interaction challenges of getting text to the screen are daunting, the social aspect of TV means that side channel interaction is also more appropriate.  If you could browse what&#39;s on TV without disturbing everyone else, that&#39;s interesting.  If you all could play Jeopardy! without having to scream out the answer before people had time to think, that&#39;s interesting.  If you could collaboratively edit the video from your vacation without crowding around a desktop, that&#39;s interesting.  Imagine being able to get rid of TV advertising entirely by using the side channel to monetize.  Each person in the room could get a personalized ad through notifications that sync with the video content.<p /> Apple has started to use the side channel with <a href="http://www.apple.com/itunes/airplay/">AirPlay</a>, which enables you to &#39;flick&#39; content from your phone to the TV screen through Apple TV.  What enabled them to build that was their investment in <a href="http://en.wikipedia.org/wiki/Bonjour_%28software%29">Bonjour networking</a> a very long time ago.  Other operating systems (like Windows and Linux) have implementations of Bonjour, but AirPlay has built-in cryptographic keys that prevent just anyone from being a part of the AirPlay ecosystem.<p /> Even if you&#39;re not Apple, it&#39;s <a href="http://blog.tysonwilliams.com/2010/09/19/abc-app-listens-to-your-tv-to-sync-interactive-content/">possible have side channel interaction with TV</a>.  This kind of technology is super cool, but it&#39;s a workaround for what is really needed: smart televisions that know the magic is not on the big screen, but actually on the screen right in front of you.  As Apple has shown with Apple TV, the smarts don&#39;t have to be in the TV itself, either.<p /> In my opinion, Xbox, PlayStation, and Google all have a #fail on their hands until they can interact with mobile devices seamlessly.  Xbox would tell you Kinect will usher in an era of natural user interfaces.  While I love Kinect and the people that made the impossible happen (I even got to work on the project just a little bit) , I think laziness will play a trump card: when I can flick my finger on my personal device, why make larger movements with my hands?<p /> ~s]]></content:encoded>
	<excerpt:encoded><![CDATA[One of the trickiest problems of bringing applications and tons of content to TV is that of search: finding the right content at the right time. Xbox solved it through what is hopefully an intuitive, if sometimes dull, UI: Video marketplace, games...]]></excerpt:encoded>	

	<wp:post_date>Mon Oct 18 22:45:06 -0700 2010</wp:post_date>
	<wp:post_date_gmt>%= display_date %></wp:post_date_gmt>
	<wp:comment_status>open</wp:comment_status>
	<wp:ping_status>open</wp:ping_status>
	<wp:post_name>television-side-channel-interaction</wp:post_name>
	<wp:status>publish</wp:status>
	<wp:post_parent>0</wp:post_parent>
	<wp:menu_order>0</wp:menu_order>
	<wp:post_type>post</wp:post_type>
	<wp:post_password></wp:post_password>
	<wp:is_sticky>0</wp:is_sticky>

	
		<wp:comment>
			<!-- <wp:comment_id>5</wp:comment_id> -->
			<wp:comment_author><![CDATA[Brendan Reville]]></wp:comment_author>
			<wp:comment_author_email></wp:comment_author_email>
			<wp:comment_author_url></wp:comment_author_url>
			<wp:comment_date>Mon Oct 18 23:54:42 -0700 2010</wp:comment_date>
			<wp:comment_date_gmt>Mon Oct 18 23:54:42 -0700 2010</wp:comment_date_gmt>
			<wp:comment_content><![CDATA[Laptops can also work here.]]></wp:comment_content>
			<wp:comment_approved>1</wp:comment_approved>
			<wp:comment_type></wp:comment_type>
			<wp:comment_parent>0</wp:comment_parent>
		</wp:comment>
	
		<wp:comment>
			<!-- <wp:comment_id>5</wp:comment_id> -->
			<wp:comment_author><![CDATA[]]></wp:comment_author>
			<wp:comment_author_email></wp:comment_author_email>
			<wp:comment_author_url></wp:comment_author_url>
			<wp:comment_date>Tue Oct 19 08:43:01 -0700 2010</wp:comment_date>
			<wp:comment_date_gmt>Tue Oct 19 08:43:01 -0700 2010</wp:comment_date_gmt>
			<wp:comment_content><![CDATA[true, but I am of the opinion that the phone replaces the laptop where it can.  also, a smallish touchscreen is more socially acceptable than a laptop with a keyboard.]]></wp:comment_content>
			<wp:comment_approved>1</wp:comment_approved>
			<wp:comment_type></wp:comment_type>
			<wp:comment_parent>0</wp:comment_parent>
		</wp:comment>
	
</item>
