<item>
	<title>MGM Files for Bankruptcy</title>
	<link>http://blog.brokenrobotllc.com/mgm-files-for-bankruptcy</link>
	<pubDate>Wed Nov 03 14:03:51 -0700 2010</pubDate>
	
	<dc:creator><![CDATA[Shaheen Gandhi]]></dc:creator>
	
	

	<category><![CDATA[Uncategorized]]></category>

	<category domain="category" nicename="uncategorized"><![CDATA[Uncategorized]]></category>

  <guid isPermaLink="false">http://blog.brokenrobotllc.com/mgm-files-for-bankruptcy</guid>
	<description></description>
	<content:encoded><![CDATA[<a href="http://www.comingsoon.net/news/movienews.php?id=71367">http://www.comingsoon.net/news/movienews.php?id=71367</a><p />Wow, I never expected MGM to be in such deep water.  Sony swooped in to purchase MGM a few years ago, thus amassing a huge catalog of titles from Hollywood.  After all of its <a href="http://en.wikipedia.org/wiki/Sony_Pictures_Entertainment">acquisitions</a>, Sony has acquired the deepest, broadest catalog of movie titles anywhere in Hollywood.  To see MGM in bankruptcy likely means that its assets may not make it out alive, or be placed in a fire sale to lower bidders.  Big companies in Hollywood tend to protect their franchises pretty well.  Sure, there are tons of Tom &amp; Jerry lunchboxes and Transformers movie tie-ins (like crappy video games), but I somehow trust a company like MGM to protect it better than a party that acquires the franchises in a fire sale.<p /> ~s]]></content:encoded>
	<excerpt:encoded><![CDATA[http://www.comingsoon.net/news/movienews.php?id=71367Wow, I never expected MGM to be in such deep water. Sony swooped in to purchase MGM a few years ago, thus amassing a huge catalog of titles from Hollywood. After all of its acquisitions, Sony ha...]]></excerpt:encoded>	

	<wp:post_date>Wed Nov 03 14:03:51 -0700 2010</wp:post_date>
	<wp:post_date_gmt>%= display_date %></wp:post_date_gmt>
	<wp:comment_status>open</wp:comment_status>
	<wp:ping_status>open</wp:ping_status>
	<wp:post_name>mgm-files-for-bankruptcy</wp:post_name>
	<wp:status>publish</wp:status>
	<wp:post_parent>0</wp:post_parent>
	<wp:menu_order>0</wp:menu_order>
	<wp:post_type>post</wp:post_type>
	<wp:post_password></wp:post_password>
	<wp:is_sticky>0</wp:is_sticky>

	
</item>
