<item>
	<title>iFixIt's Teardown of Kinect</title>
	<link>http://blog.brokenrobotllc.com/ifixits-teardown-of-kinect</link>
	<pubDate>Fri Nov 05 00:00:39 -0700 2010</pubDate>
	
	<dc:creator><![CDATA[Shaheen Gandhi]]></dc:creator>
	
	

	<category><![CDATA[Uncategorized]]></category>

	<category domain="category" nicename="uncategorized"><![CDATA[Uncategorized]]></category>

  <guid isPermaLink="false">http://blog.brokenrobotllc.com/ifixits-teardown-of-kinect</guid>
	<description></description>
	<content:encoded><![CDATA[<a href="http://www.ifixit.com/Teardown/Microsoft-Kinect-Teardown/4066/1">http://www.ifixit.com/Teardown/Microsoft-Kinect-Teardown/4066/1</a><p /><div>I love iFixIt&#39;s teardown reports.  It&#39;s a perfect supplemental activity for their site to do, on top of providing users with instructions to fix gadgets.  It serves to enlighten the community, and shows that iFixIt is really passionate about what they are doing.  In any case, I thought I would link to the teardown of Kinect for Xbox!</div> <p /><div>~s</div>]]></content:encoded>
	<excerpt:encoded><![CDATA[http://www.ifixit.com/Teardown/Microsoft-Kinect-Teardown/4066/1I love iFixIt's teardown reports. It's a perfect supplemental activity for their site to do, on top of providing users with instructions to fix gadgets. It serves to enlighten the comm...]]></excerpt:encoded>	

	<wp:post_date>Fri Nov 05 00:00:39 -0700 2010</wp:post_date>
	<wp:post_date_gmt>%= display_date %></wp:post_date_gmt>
	<wp:comment_status>open</wp:comment_status>
	<wp:ping_status>open</wp:ping_status>
	<wp:post_name>ifixits-teardown-of-kinect</wp:post_name>
	<wp:status>publish</wp:status>
	<wp:post_parent>0</wp:post_parent>
	<wp:menu_order>0</wp:menu_order>
	<wp:post_type>post</wp:post_type>
	<wp:post_password></wp:post_password>
	<wp:is_sticky>0</wp:is_sticky>

	
</item>
