<item>
	<title>Codifying Creativity</title>
	<link>http://blog.brokenrobotllc.com/codifying-creativity</link>
	<pubDate>Wed Nov 17 22:02:11 -0800 2010</pubDate>
	
	<dc:creator><![CDATA[Shaheen Gandhi]]></dc:creator>
	
	

	<category><![CDATA[Uncategorized]]></category>

	<category domain="category" nicename="uncategorized"><![CDATA[Uncategorized]]></category>

  <guid isPermaLink="false">http://blog.brokenrobotllc.com/codifying-creativity</guid>
	<description></description>
	<content:encoded><![CDATA[<p>I read <a href="http://www.newsweek.com/2010/07/10/the-creativity-crisis.html">this article</a>
today about creativity and its lack of existence in American
education.  It reminded me of many things, but foremost got me
thinking about how the various projects I&rsquo;ve worked on have attempted
at codifying creativity.</p>

<p>In the article, creativity is described as the ability to think
divergently (generate ideas), and then converge on something (combine
those ideas into one).  I&rsquo;ve never heard a more succinct definition
that is applicable to so many situations.  Of course, I look at this
from the angle of building software &amp; hardware.</p>

<p>Engineering is a creative process, but we rarely recognize the need
for divergent thinking.  We all expect big engineering companies to
come up with new and innovative solutions for the problems we have in
our daily lives, and management loves to get a team of engineers fired
up about solving those problems.  However, organizations also get very
anxious when the team shows little progress towards building an actual
product over an extended period of time.  Management can get
especially antsy when the goal was to have a product out by the end of
the year, but it&rsquo;s March and you don&rsquo;t even know what features it will
have yet.</p>

<p>The projects on which I have worked have sandboxed creativity to
designers.  Sure, engineers could consider themselves creative people,
but they didn&rsquo;t get to practice creativity in the way the article
suggests.  Everything had a schedule associated with it, and even
prototypes and investigations were time boxed.  The article talks
about disengaging the left side of your brain to get some right brain
action started.  I find that, under schedule pressure, this is very
difficult to do.</p>

<p>Larger problems need larger playgrounds for divergent thinking and
experimentation.  On one scale, the divergence in opinions about
social networking had lots of competitors (Friendster, MySpace, Orkut,
Facebook).  If we think of the introduction of these products into the
market simply as divergent thinking, it took maybe a decade for things
to converge.  On yet a larger scale, the divergence in opinions about
how to build software (open source, closed source, somewhere in the
middle) has been in experimentation for 20 years and continues.</p>

<p>At Microsoft, many groups move from the tail end of implementation in
a release to the beginning of implementation in the next release.
There are planning phases that are supposed to allow for creativity,
but I just don&rsquo;t think it&rsquo;s enough.  The Xbox release before last had
a 3 month planning cycle, but it lacked real convergence.  The last
project I know of that truly had the wave of divergence &amp; convergence
before it began implementation was Courier: it started with designers
looking at the act of reading, only to find that reading leads to
writing.  It took over a year and a half to converge on what would
eventually become Courier.</p>

<p>I&rsquo;m still not sure how to use this new information: creating a process
to spur creativity seems ironic as processes usually stifle divergent
thinking.</p>

<p>~s</p>]]></content:encoded>
	<excerpt:encoded><![CDATA[I read this article today about creativity and its lack of existence in American education. It reminded me of many things, but foremost got me thinking about how the various projects I’ve worked on have attempted at codifying creativity. In the ar...]]></excerpt:encoded>	

	<wp:post_date>Wed Nov 17 22:02:11 -0800 2010</wp:post_date>
	<wp:post_date_gmt>%= display_date %></wp:post_date_gmt>
	<wp:comment_status>open</wp:comment_status>
	<wp:ping_status>open</wp:ping_status>
	<wp:post_name>codifying-creativity</wp:post_name>
	<wp:status>publish</wp:status>
	<wp:post_parent>0</wp:post_parent>
	<wp:menu_order>0</wp:menu_order>
	<wp:post_type>post</wp:post_type>
	<wp:post_password></wp:post_password>
	<wp:is_sticky>0</wp:is_sticky>

	
		<wp:comment>
			<!-- <wp:comment_id>5</wp:comment_id> -->
			<wp:comment_author><![CDATA[Tom Madden]]></wp:comment_author>
			<wp:comment_author_email></wp:comment_author_email>
			<wp:comment_author_url></wp:comment_author_url>
			<wp:comment_date>Tue Dec 07 16:40:40 -0800 2010</wp:comment_date>
			<wp:comment_date_gmt>Tue Dec 07 16:40:40 -0800 2010</wp:comment_date_gmt>
			<wp:comment_content><![CDATA[That is indeed a great definition of creativity.

As for the lack of creativity in software development, what you're describing is the waterfall model.  It's based on the idea that changes in design become more and more costly as more code is written, so there's a strong incentive to have everything planned out in its final form early on.  And if you know that radical changes will be too costly to implement down the line anyway, there's really no point in prototyping divergent ideas past a certain point in the schedule.

Of course, how much impact a divergent idea has on your design and code is heavily influenced by the paradigm and language you're using.  Statically typed OOP languages tend to be the most popular, but they're also terrible at dealing with unanticipated changes.

Dynamically typed languages are better, which is why methodologies like agile development are more popular in those languages.  When new ideas are less costly to implement, the process is naturally more tolerant of them.  I think there's even greater gains to be had by adding in other paradigms: generic programming, functional programming, other declarative models.  When I design in a mixture of the above, I find it much easier to diverge and converge.
]]></wp:comment_content>
			<wp:comment_approved>1</wp:comment_approved>
			<wp:comment_type></wp:comment_type>
			<wp:comment_parent>0</wp:comment_parent>
		</wp:comment>
	
</item>
