<item>
	<title>iOS: Scalable, Scrollable Views</title>
	<link>http://blog.brokenrobotllc.com/ios-scalable-scrollable-views</link>
	<pubDate>Thu Nov 25 13:05:00 -0800 2010</pubDate>
	
	<dc:creator><![CDATA[Shaheen Gandhi]]></dc:creator>
	
	

	<category><![CDATA[Uncategorized]]></category>

	<category domain="category" nicename="uncategorized"><![CDATA[Uncategorized]]></category>

  <guid isPermaLink="false">http://blog.brokenrobotllc.com/ios-scalable-scrollable-views</guid>
	<description></description>
	<content:encoded><![CDATA[<p>I've got a Mac project I'm working on that required a scalable viewport into another view. &nbsp;Because the viewport could be a scaled version of the target view, it also needs to be scrollable. &nbsp;This sort of pattern is seen a lot in editing applications and web browsers. &nbsp;Specifically, I was looking to mimic the iPhone Simulator app. &nbsp;It took me about 10 hours of wrangling cocoa to get it to do what I wanted. &nbsp;I tried writing a custom NSClipView among other tactics, but what I found to work in the end was pretty simple.&nbsp; This technique should transfer to iOS readily.<p /> To scale the view you're inspecting, you'll likely use NSView's scaleUnitSquareToSize: selector.&nbsp; This will render the view's contents using Quartz scaling algorithms.&nbsp; However, it will not change the frame/bounds of the view.&nbsp; This is where the crux of the problem lies - the scroll extents of the scroll view would not change.&nbsp; When scaled up, the scroll view would not scroll enough of the view to see all of it.&nbsp; When scaled down, the scroll view would scroll too far and show emptiness on the sides of the document.<p /> To work around this, we will create a new document view that advertises the correct frame to the scroll view.&nbsp; It will host the true document view as a subview, without clipping it and without autoresize enabled.&nbsp; It will monitor the document view's frame and adjust accordingly.&nbsp; It will also need to know the scale of the document view, and the easiest way to handle that is to have this new host view control the scale of the document.&nbsp; Here's all the code you need:<p /> <a href="https://gist.github.com/715903">https://gist.github.com/715903/e11a0afe4245fa697e5660d4fc887eae08275bec</a><p />Once you have this code, you can call setDocumentView: on any scroll view with a HostView.&nbsp; When you need to change the scale, call setScale: (or use the property accessor) on the HostView.&nbsp; The scroll view will adjust its scroll bars accordingly.<p /> Note, however, that the scroll view's frame will not change - the scroll view's size will be the same, but the scroll bars will reflect the correct amount of data that is visible.&nbsp; If you want the scroll view to adjust its size correctly to fit the document, you will need to add some more monitoring to the document's frame size and adjust accordingly outside of the scroll view itself.<p /> ~s</p>]]></content:encoded>
	<excerpt:encoded><![CDATA[I've got a Mac project I'm working on that required a scalable viewport into another view. Because the viewport could be a scaled version of the target view, it also needs to be scrollable. This sort of pattern is seen a lot in editing application...]]></excerpt:encoded>	

	<wp:post_date>Thu Nov 25 13:05:00 -0800 2010</wp:post_date>
	<wp:post_date_gmt>%= display_date %></wp:post_date_gmt>
	<wp:comment_status>open</wp:comment_status>
	<wp:ping_status>open</wp:ping_status>
	<wp:post_name>ios-scalable-scrollable-views</wp:post_name>
	<wp:status>publish</wp:status>
	<wp:post_parent>0</wp:post_parent>
	<wp:menu_order>0</wp:menu_order>
	<wp:post_type>post</wp:post_type>
	<wp:post_password></wp:post_password>
	<wp:is_sticky>0</wp:is_sticky>

	
</item>
