<item>
	<title>AirPlay Everywhere</title>
	<link>http://blog.brokenrobotllc.com/airplay-everywhere</link>
	<pubDate>Sat Nov 27 13:45:00 -0800 2010</pubDate>
	
	<dc:creator><![CDATA[Shaheen Gandhi]]></dc:creator>
	
	

	<category><![CDATA[Uncategorized]]></category>

	<category domain="category" nicename="uncategorized"><![CDATA[Uncategorized]]></category>

  <guid isPermaLink="false">http://blog.brokenrobotllc.com/airplay-everywhere</guid>
	<description></description>
	<content:encoded><![CDATA[<p><a href="http://www.9to5mac.com/38336/cydia-hack-enables-airplay-in-all-apps">http://www.9to5mac.com/38336/cydia-hack-enables-airplay-in-all-apps</a></p>
<p>This is huge, and it's likely that Apple will enable this for themselves in an iOS update at some point.&nbsp; I can't count how many times I've browsed video on my laptop with others around only to wish I could throw it onto my TV.</p>
<p>The more I think about it, could we have a future where TVs don't have inputs?&nbsp; They would be simple streaming clients to which other devices push content.&nbsp; You've got your phone with you - why would you need anything else?</p>
<p>~s</p>]]></content:encoded>
	<excerpt:encoded><![CDATA[http://www.9to5mac.com/38336/cydia-hack-enables-airplay-in-all-apps This is huge, and it's likely that Apple will enable this for themselves in an iOS update at some point. I can't count how many times I've browsed video on my laptop with others a...]]></excerpt:encoded>	

	<wp:post_date>Sat Nov 27 13:45:00 -0800 2010</wp:post_date>
	<wp:post_date_gmt>%= display_date %></wp:post_date_gmt>
	<wp:comment_status>open</wp:comment_status>
	<wp:ping_status>open</wp:ping_status>
	<wp:post_name>airplay-everywhere</wp:post_name>
	<wp:status>publish</wp:status>
	<wp:post_parent>0</wp:post_parent>
	<wp:menu_order>0</wp:menu_order>
	<wp:post_type>post</wp:post_type>
	<wp:post_password></wp:post_password>
	<wp:is_sticky>0</wp:is_sticky>

	
</item>
