<item>
	<title>Kinect’s Japan Sales Detailed | Edge Magazine</title>
	<link>http://blog.brokenrobotllc.com/kinects-japan-sales-detailed-edge-magazine</link>
	<pubDate>Sat Nov 27 17:16:50 -0800 2010</pubDate>
	
	<dc:creator><![CDATA[Shaheen Gandhi]]></dc:creator>
	
	

	<category><![CDATA[Uncategorized]]></category>

	<category domain="category" nicename="uncategorized"><![CDATA[Uncategorized]]></category>

  <guid isPermaLink="false">http://blog.brokenrobotllc.com/kinects-japan-sales-detailed-edge-magazine</guid>
	<description></description>
	<content:encoded><![CDATA[<a href="http://www.next-gen.biz/news/kinect%E2%80%99s-japan-sales-detailed">http://www.next-gen.biz/news/kinect%E2%80%99s-japan-sales-detailed</a><p />This should shouldn&#39;t be a surprise: Japanese play spaces are very small.  In Japan, the sales <a href="http://www.computerandvideogames.com/article.php?id=276821">kiosks include a tape measure</a> for play space requirements.  Even Americans are <a href="http://www.joystiq.com/2010/11/04/kinect-vs-our-living-rooms-a-survey/">having trouble finding the space</a> for Kinect.  However, it&#39;s undeniable that Kinect is awesome.  Hopefully, my cronies over at Xbox will find a way to make smaller play spaces viable for certain types of games...<p /> ~s]]></content:encoded>
	<excerpt:encoded><![CDATA[http://www.next-gen.biz/news/kinect%E2%80%99s-japan-sales-detailedThis should shouldn't be a surprise: Japanese play spaces are very small. In Japan, the sales kiosks include a tape measure for play space requirements. Even Americans are having tr...]]></excerpt:encoded>	

	<wp:post_date>Sat Nov 27 17:16:50 -0800 2010</wp:post_date>
	<wp:post_date_gmt>%= display_date %></wp:post_date_gmt>
	<wp:comment_status>open</wp:comment_status>
	<wp:ping_status>open</wp:ping_status>
	<wp:post_name>kinects-japan-sales-detailed-edge-magazine</wp:post_name>
	<wp:status>publish</wp:status>
	<wp:post_parent>0</wp:post_parent>
	<wp:menu_order>0</wp:menu_order>
	<wp:post_type>post</wp:post_type>
	<wp:post_password></wp:post_password>
	<wp:is_sticky>0</wp:is_sticky>

	
</item>
