<item>
	<title>Using AirPlay to Control iTunes</title>
	<link>http://blog.brokenrobotllc.com/using-airplay-to-control-itunes</link>
	<pubDate>Thu Dec 23 16:58:00 -0800 2010</pubDate>
	
	<dc:creator><![CDATA[Shaheen Gandhi]]></dc:creator>
	
	

	<category><![CDATA[Uncategorized]]></category>

	<category domain="category" nicename="uncategorized"><![CDATA[Uncategorized]]></category>

  <guid isPermaLink="false">http://blog.brokenrobotllc.com/using-airplay-to-control-itunes</guid>
	<description></description>
	<content:encoded><![CDATA[<div class="posterous_bookmarklet_entry">
<blockquote class="posterous_long_quote"><img src="http://photos.appleinsider.com/remote-101222.jpg" border="0" height="200" alt="Remote" /></blockquote>
<div class="posterous_quote_citation">via <a href="http://www.appleinsider.com/articles/10/12/22/apple_updates_ios_remote_app_with_airplay_control_of_itunes.html">appleinsider.com</a></div>
<p>When Zune first got started, I was desperately hoping to link its functionality with Xbox: both would be on the same network at home and the Zune offered the best device at the time to be able to control my Xbox's functionality.  Why ship a remote with the console when you could control it with the portable device that's already in your hand?</p>
<p>While I hacked up a prototype a number of years ago controlling my Xbox devkit from my PC, I never got enough traction between the two teams.  I wish I could have explained better why I think it was a critical mistake not making these two devices work well together, but I'm going to try to do so ex post facto:</p>
<p>Say my <a href="http://blog.brokenrobotllc.com/dumb-tvs-are-the-future">dumb TV idea</a> comes true.  As I've said before, the ability to transport your media is very valuable.  AirPlay is the best technology available to do this today.  Some day, everything might be streamed from the Internet, and Apple has created a brand and associated technology that users would trust no matter how the delivery of the bits happens.  What will make users comfortable with the experience of transporting media will be their early use of AirPlay enabled devices.</p>
<p>It might not take that long for others to catch up.  After all, Windows has ad-hoc networking technology also.  However, users will have invested in an ecosystem they will not want to leave.</p>
</div>]]></content:encoded>
	<excerpt:encoded><![CDATA[via appleinsider.com When Zune first got started, I was desperately hoping to link its functionality with Xbox: both would be on the same network at home and the Zune offered the best device at the time to be able to control my Xbox's functionalit...]]></excerpt:encoded>	

	<wp:post_date>Thu Dec 23 16:58:00 -0800 2010</wp:post_date>
	<wp:post_date_gmt>%= display_date %></wp:post_date_gmt>
	<wp:comment_status>open</wp:comment_status>
	<wp:ping_status>open</wp:ping_status>
	<wp:post_name>using-airplay-to-control-itunes</wp:post_name>
	<wp:status>publish</wp:status>
	<wp:post_parent>0</wp:post_parent>
	<wp:menu_order>0</wp:menu_order>
	<wp:post_type>post</wp:post_type>
	<wp:post_password></wp:post_password>
	<wp:is_sticky>0</wp:is_sticky>

	
</item>
