<item>
	<title>Have You Ever Tried to Sell a Diamond? - Magazine - The Atlantic</title>
	<link>http://blog.brokenrobotllc.com/have-you-ever-tried-to-sell-a-diamond-magazin</link>
	<pubDate>Fri Dec 24 10:40:00 -0800 2010</pubDate>
	
	<dc:creator><![CDATA[Shaheen Gandhi]]></dc:creator>
	
	

	<category><![CDATA[Uncategorized]]></category>

	<category domain="category" nicename="uncategorized"><![CDATA[Uncategorized]]></category>

  <guid isPermaLink="false">http://blog.brokenrobotllc.com/have-you-ever-tried-to-sell-a-diamond-magazin</guid>
	<description></description>
	<content:encoded><![CDATA[<div class="posterous_bookmarklet_entry">
      <blockquote class="posterous_medium_quote">Although it could do little about the state of the economy, N. W. Ayer
suggested that through a well-orchestrated advertising and public-relations
campaign it could have a significant impact on the "social attitudes of the
public at large and thereby channel American spending toward larger and more
expensive diamonds instead of "competitive luxuries.</blockquote><div class="posterous_quote_citation">via <a href="http://www.theatlantic.com/magazine/print/1982/02/have-you-ever-tried-to-sell-a-diamond/4575/">theatlantic.com</a></div>
    <p>I think every marketer on the planet should read this article.  Most articles on diamonds tend to vilify the players involved, but this article is very level-headed.  It tells a decades-long story, and what I find interesting about it is this deliberate patience of its characters.  They knew it would take a decade to change the public's perception of diamonds, and then yet another one to change it again.  But, they were undeterred and calculated in their efforts.</p></div>]]></content:encoded>
	<excerpt:encoded><![CDATA[Although it could do little about the state of the economy, N. W. Ayer suggested that through a well-orchestrated advertising and public-relations campaign it could have a significant impact on the "social attitudes of the public at large and ther...]]></excerpt:encoded>	

	<wp:post_date>Fri Dec 24 10:40:00 -0800 2010</wp:post_date>
	<wp:post_date_gmt>%= display_date %></wp:post_date_gmt>
	<wp:comment_status>open</wp:comment_status>
	<wp:ping_status>open</wp:ping_status>
	<wp:post_name>have-you-ever-tried-to-sell-a-diamond-magazin</wp:post_name>
	<wp:status>publish</wp:status>
	<wp:post_parent>0</wp:post_parent>
	<wp:menu_order>0</wp:menu_order>
	<wp:post_type>post</wp:post_type>
	<wp:post_password></wp:post_password>
	<wp:is_sticky>0</wp:is_sticky>

	
</item>
