<item>
	<title>NVIDIA announces Project Denver ARM CPU for the desktop -- Engadget</title>
	<link>http://blog.brokenrobotllc.com/nvidia-announces-project-denver-arm-cpu-for-t</link>
	<pubDate>Wed Jan 05 16:41:00 -0800 2011</pubDate>
	
	<dc:creator><![CDATA[Shaheen Gandhi]]></dc:creator>
	
	

	<category><![CDATA[Uncategorized]]></category>

	<category domain="category" nicename="uncategorized"><![CDATA[Uncategorized]]></category>

  <guid isPermaLink="false">http://blog.brokenrobotllc.com/nvidia-announces-project-denver-arm-cpu-for-t</guid>
	<description></description>
	<content:encoded><![CDATA[<div class="posterous_bookmarklet_entry">
      <blockquote class="posterous_long_quote">A "full custom processor," designed by NVIDIA in partnership with ARM. World's first ARM processor targeted at high performance computing. NVIDIA really sprung this Project Denver as a major surprise at the end of its CES press conference here. This chip is "in development" and seems intent to conquer the desktop and laptop scene that is currently wholly owned by the <a href="http://www.engadget.com/all/x86">x86</a> duo of AMD and Intel. It's true folks, NVIDIA's building a CPU! Madness!</blockquote>

<div class="posterous_quote_citation">via <a href="http://www.engadget.com/2011/01/05/nvidia-announces-project-denver-arm-cpu-for-the-desktop/">engadget.com</a></div>
    <p>This was really the only place for NVIDIA to go.  In a future that is split between the cloud and embedded devices, NVIDIA would have been left out in the cold if it had beat its head against the desktop wall.  Jen-Hsun is a smart man for leading NVIDIA down this path as it will keep them alive.  Looking at their financials, their move into HPC has definitely helped them.  According to <a href="http://community.nasdaq.com/News/2010-12/nvidias-downside-limited-if-desktop-pc-sales-drop.aspx?storyid=47797">this</a> article, HPC and mobile GPUs account for about 35% of their sales whereas a few years ago that number was zero.</p><p>When the desktop ecosystem became overrun with integrated chipsets, NVIDIA pivoted into that game.  Similarly, the mobile world is pivoting away from discrete GPUs to SoCs.  The desktop world is doing this too, with both Intel and AMD coming out with integrated CPU/GPU SoCs.  Both of them are moving into the mobile SoC world also, and NVIDIA is making the right decision by ignoring desktop SoCs for the time being.</p></div>]]></content:encoded>
	<excerpt:encoded><![CDATA[A "full custom processor," designed by NVIDIA in partnership with ARM. World's first ARM processor targeted at high performance computing. NVIDIA really sprung this Project Denver as a major surprise at the end of its CES press conference here. Th...]]></excerpt:encoded>	

	<wp:post_date>Wed Jan 05 16:41:00 -0800 2011</wp:post_date>
	<wp:post_date_gmt>%= display_date %></wp:post_date_gmt>
	<wp:comment_status>open</wp:comment_status>
	<wp:ping_status>open</wp:ping_status>
	<wp:post_name>nvidia-announces-project-denver-arm-cpu-for-t</wp:post_name>
	<wp:status>publish</wp:status>
	<wp:post_parent>0</wp:post_parent>
	<wp:menu_order>0</wp:menu_order>
	<wp:post_type>post</wp:post_type>
	<wp:post_password></wp:post_password>
	<wp:is_sticky>0</wp:is_sticky>

	
</item>
