<item>
	<title>AT&amp;T's new ComplemenTV</title>
	<link>http://blog.brokenrobotllc.com/atts-new-complementv</link>
	<pubDate>Wed Jan 05 17:16:00 -0800 2011</pubDate>
	
	<dc:creator><![CDATA[Shaheen Gandhi]]></dc:creator>
	
	

	<category><![CDATA[Uncategorized]]></category>

	<category domain="category" nicename="uncategorized"><![CDATA[Uncategorized]]></category>

  <guid isPermaLink="false">http://blog.brokenrobotllc.com/atts-new-complementv</guid>
	<description></description>
	<content:encoded><![CDATA[<div class="posterous_bookmarklet_entry">
      <blockquote class="posterous_medium_quote">Demo time. Hill is launching U-verse app from iPad for scheduling shows / DVR. New option, ComplemenTV. "So the iPad is basically asked what channel, what show you're on right now." It brings up information and purchase opportunities from Amazon. Now at Home Shopping Network, with the shopping page showing up for the product showing on the screen. Works with recordings, too.</blockquote>

<div class="posterous_quote_citation">via <a href="http://www.engadget.com/2011/01/05/live-from-atandts-developer-summit/">engadget.com</a></div>
    <p>This sound like <a href="http://blog.brokenrobotllc.com/television-side-channel-interaction">side channel monetization</a> to anyone else?</p></div>]]></content:encoded>
	<excerpt:encoded><![CDATA[Demo time. Hill is launching U-verse app from iPad for scheduling shows / DVR. New option, ComplemenTV. "So the iPad is basically asked what channel, what show you're on right now." It brings up information and purchase opportunities from Amazon. ...]]></excerpt:encoded>	

	<wp:post_date>Wed Jan 05 17:16:00 -0800 2011</wp:post_date>
	<wp:post_date_gmt>%= display_date %></wp:post_date_gmt>
	<wp:comment_status>open</wp:comment_status>
	<wp:ping_status>open</wp:ping_status>
	<wp:post_name>atts-new-complementv</wp:post_name>
	<wp:status>publish</wp:status>
	<wp:post_parent>0</wp:post_parent>
	<wp:menu_order>0</wp:menu_order>
	<wp:post_type>post</wp:post_type>
	<wp:post_password></wp:post_password>
	<wp:is_sticky>0</wp:is_sticky>

	
</item>
