<item>
	<title>Sony's &quot;Mobile Bravia&quot;</title>
	<link>http://blog.brokenrobotllc.com/sonys-mobile-bravia</link>
	<pubDate>Wed Jan 05 18:32:00 -0800 2011</pubDate>
	
	<dc:creator><![CDATA[Shaheen Gandhi]]></dc:creator>
	
	

	<category><![CDATA[Uncategorized]]></category>

	<category domain="category" nicename="uncategorized"><![CDATA[Uncategorized]]></category>

  <guid isPermaLink="false">http://blog.brokenrobotllc.com/sonys-mobile-bravia</guid>
	<description></description>
	<content:encoded><![CDATA[<div class="posterous_bookmarklet_entry">
      <blockquote class="posterous_long_quote"><span class="live_stamp">5:42PM</span> Introducing Xperia Arc. Super slim and light, runs Gingerbread. 4.2-inch Reality Display with the Mobile Bravia Engine for improved image quality.</blockquote>

<div class="posterous_quote_citation">via <a href="http://www.engadget.com/2011/01/05/live-from-sonys-ces-2011-press-event/">engadget.com</a></div>
    <p>Interesting that Sony is trying to leverage the Bravia branding to mobile.  Apple sold the world on Retina Display by actually telling us why it was great ("more pixel density than the human eye can distinguish").  Sony is simply leveraging the brand.  That might just be enough if consumers are actually deciding their mobile device purchases based on perceived image quality.  Honestly, I doubt Sony is getting a better screen than Apple since everyone is using the same suppliers out of Taiwan, Korea, and China.</p></div>]]></content:encoded>
	<excerpt:encoded><![CDATA[5:42PM Introducing Xperia Arc. Super slim and light, runs Gingerbread. 4.2-inch Reality Display with the Mobile Bravia Engine for improved image quality. via engadget.com Interesting that Sony is trying to leverage the Bravia branding to mobile. A...]]></excerpt:encoded>	

	<wp:post_date>Wed Jan 05 18:32:00 -0800 2011</wp:post_date>
	<wp:post_date_gmt>%= display_date %></wp:post_date_gmt>
	<wp:comment_status>open</wp:comment_status>
	<wp:ping_status>open</wp:ping_status>
	<wp:post_name>sonys-mobile-bravia</wp:post_name>
	<wp:status>publish</wp:status>
	<wp:post_parent>0</wp:post_parent>
	<wp:menu_order>0</wp:menu_order>
	<wp:post_type>post</wp:post_type>
	<wp:post_password></wp:post_password>
	<wp:is_sticky>0</wp:is_sticky>

	
</item>
