<item>
	<title>Chrome &amp; h.264: Is YouTube freaking out?</title>
	<link>http://blog.brokenrobotllc.com/chrome-h264-is-youtube-freaking-out</link>
	<pubDate>Tue Jan 11 13:20:00 -0800 2011</pubDate>
	
	<dc:creator><![CDATA[Shaheen Gandhi]]></dc:creator>
	
	

	<category><![CDATA[Uncategorized]]></category>

	<category domain="category" nicename="uncategorized"><![CDATA[Uncategorized]]></category>

  <guid isPermaLink="false">http://blog.brokenrobotllc.com/chrome-h264-is-youtube-freaking-out</guid>
	<description></description>
	<content:encoded><![CDATA[<div class="posterous_bookmarklet_entry">
      <blockquote class="posterous_long_quote">These changes will occur in the next couple months but we are announcing them now to give content publishers and developers using HTML <span style="font-family: courier new;">&lt;video&gt;</span> an opportunity to make any necessary changes to their sites.</blockquote>

<div class="posterous_quote_citation">via <a href="http://blog.chromium.org/2011/01/html-video-codec-support-in-chrome.html">blog.chromium.org</a></div>
    <p>It's a ridiculous notion to expect all content publishers that have encoded their video in h.264 to re-encode their content for WebM just to appease Google.  On top of that, they expect it to happen in only a few months' time!  I am wondering whether YouTube is internally freaking out over this announcement right now: how long will it take them to re-encode all those videos?</p></div>]]></content:encoded>
	<excerpt:encoded><![CDATA[These changes will occur in the next couple months but we are announcing them now to give content publishers and developers using HTML]]></excerpt:encoded>	

	<wp:post_date>Tue Jan 11 13:20:00 -0800 2011</wp:post_date>
	<wp:post_date_gmt>%= display_date %></wp:post_date_gmt>
	<wp:comment_status>open</wp:comment_status>
	<wp:ping_status>open</wp:ping_status>
	<wp:post_name>chrome-h264-is-youtube-freaking-out</wp:post_name>
	<wp:status>publish</wp:status>
	<wp:post_parent>0</wp:post_parent>
	<wp:menu_order>0</wp:menu_order>
	<wp:post_type>post</wp:post_type>
	<wp:post_password></wp:post_password>
	<wp:is_sticky>0</wp:is_sticky>

	
		<wp:comment>
			<!-- <wp:comment_id>5</wp:comment_id> -->
			<wp:comment_author><![CDATA[]]></wp:comment_author>
			<wp:comment_author_email></wp:comment_author_email>
			<wp:comment_author_url></wp:comment_author_url>
			<wp:comment_date>Tue Jan 11 14:05:25 -0800 2011</wp:comment_date>
			<wp:comment_date_gmt>Tue Jan 11 14:05:25 -0800 2011</wp:comment_date_gmt>
			<wp:comment_content><![CDATA[Can't they just transcode?]]></wp:comment_content>
			<wp:comment_approved>1</wp:comment_approved>
			<wp:comment_type></wp:comment_type>
			<wp:comment_parent>0</wp:comment_parent>
		</wp:comment>
	
		<wp:comment>
			<!-- <wp:comment_id>5</wp:comment_id> -->
			<wp:comment_author><![CDATA[trevin]]></wp:comment_author>
			<wp:comment_author_email>Trevin@trevinchow.com</wp:comment_author_email>
			<wp:comment_author_url></wp:comment_author_url>
			<wp:comment_date>Tue Jan 11 15:32:42 -0800 2011</wp:comment_date>
			<wp:comment_date_gmt>Tue Jan 11 15:32:42 -0800 2011</wp:comment_date_gmt>
			<wp:comment_content><![CDATA[They could always just use Flash which would use H.264 under the covers right?]]></wp:comment_content>
			<wp:comment_approved>1</wp:comment_approved>
			<wp:comment_type></wp:comment_type>
			<wp:comment_parent>0</wp:comment_parent>
		</wp:comment>
	
</item>
