<item>
	<title>Microsoft's iPad battle plan for partners</title>
	<link>http://blog.brokenrobotllc.com/microsofts-ipad-battle-plan-for-partners</link>
	<pubDate>Tue Jan 25 17:53:17 -0800 2011</pubDate>
	
	<dc:creator><![CDATA[Shaheen Gandhi]]></dc:creator>
	
	

	<category><![CDATA[Uncategorized]]></category>

	<category domain="category" nicename="uncategorized"><![CDATA[Uncategorized]]></category>

  <guid isPermaLink="false">http://blog.brokenrobotllc.com/microsofts-ipad-battle-plan-for-partners</guid>
	<description></description>
	<content:encoded><![CDATA[<a href="http://www.zdnet.com/photos/microsofts-ipad-battle-plan-for-partners/6188774?tag=content;get-photo-roto">This presentation</a> is pretty desperate; it has a lot of FUD that is really unwarranted.  For example, the question about line of business apps on the first slide would have you believe Microsoft is foreshadowing the point that iOS cannot handle line of business apps, when in fact that was one of the facets of the iOS developer program when it launched.  Another piece of excellent FUD is the &quot;rich, searchable filesystem&quot; support on Windows 7 devices.  It&#39;s obvious that users never cared about it in the first place, and even Bill Gates confessed that WinFS was a waste of time.  If rich, searchable filesystems were that important to enterprises, Microsoft would never have stopped engineering on that as <a href="http://blog.seattlepi.com/microsoft/archives/226445.asp">enterprise sales account for so much of its revenue</a>.<p /> One of the main, valid points against iPad is that it is not focused on productivity.  This is a fair criticism, but again, if Microsoft actually cared about Windows-based devices that could spur creativity &amp; productivity through interfaces like touch and pen, it wouldn&#39;t have <a href="http://gizmodo.com/5527442/microsoft-cancels-innovative-courier-tablet-project">cancelled Courier</a>.<p /> ~s]]></content:encoded>
	<excerpt:encoded><![CDATA[This presentation is pretty desperate; it has a lot of FUD that is really unwarranted. For example, the question about line of business apps on the first slide would have you believe Microsoft is foreshadowing the point that iOS cannot handle line...]]></excerpt:encoded>	

	<wp:post_date>Tue Jan 25 17:53:17 -0800 2011</wp:post_date>
	<wp:post_date_gmt>%= display_date %></wp:post_date_gmt>
	<wp:comment_status>open</wp:comment_status>
	<wp:ping_status>open</wp:ping_status>
	<wp:post_name>microsofts-ipad-battle-plan-for-partners</wp:post_name>
	<wp:status>publish</wp:status>
	<wp:post_parent>0</wp:post_parent>
	<wp:menu_order>0</wp:menu_order>
	<wp:post_type>post</wp:post_type>
	<wp:post_password></wp:post_password>
	<wp:is_sticky>0</wp:is_sticky>

	
		<wp:comment>
			<!-- <wp:comment_id>5</wp:comment_id> -->
			<wp:comment_author><![CDATA[Dr. Lamby]]></wp:comment_author>
			<wp:comment_author_email></wp:comment_author_email>
			<wp:comment_author_url></wp:comment_author_url>
			<wp:comment_date>Tue Jan 25 23:25:44 -0800 2011</wp:comment_date>
			<wp:comment_date_gmt>Tue Jan 25 23:25:44 -0800 2011</wp:comment_date_gmt>
			<wp:comment_content><![CDATA[Your comments seem off the mark. 

First, windows has searchable file system and ipad does not. End of story. WinFS remarks are red herrings. Searchable file systems are useful to enterprises. 

Second, canceling Courier doesn't mean they don't care about pen or touch interfaces. To imply that means the only way to embrace those alternative input types would be to ship Courier even if it was flawed. That's a crazy argument. 

My guess is we will see lots of touch based focus in Windows 8. What will you say then? Fallback to arguments that it's &quot;too late&quot;? ]]></wp:comment_content>
			<wp:comment_approved>1</wp:comment_approved>
			<wp:comment_type></wp:comment_type>
			<wp:comment_parent>0</wp:comment_parent>
		</wp:comment>
	
		<wp:comment>
			<!-- <wp:comment_id>5</wp:comment_id> -->
			<wp:comment_author><![CDATA[]]></wp:comment_author>
			<wp:comment_author_email></wp:comment_author_email>
			<wp:comment_author_url></wp:comment_author_url>
			<wp:comment_date>Wed Jan 26 00:27:00 -0800 2011</wp:comment_date>
			<wp:comment_date_gmt>Wed Jan 26 00:27:00 -0800 2011</wp:comment_date_gmt>
			<wp:comment_content><![CDATA[i know we will see attention to touch in windows 8 - you don't even have to guess!  see this article: http://bit.ly/hMopOS

having worked for the company for 7 years, i know a good amount of future plans.  out of respect, i would not share them on this blog.

i would argue searchable filesystems are not important to end users in enterprise environments.  it's an opinion - i'd love to see data that proves the point one way or another.  note that i mention end users and not CTOs.  i'm sure there are studies that say CTOs want searchable filesystems.  my intuition is that end users rarely use that functionality.
]]></wp:comment_content>
			<wp:comment_approved>1</wp:comment_approved>
			<wp:comment_type></wp:comment_type>
			<wp:comment_parent>0</wp:comment_parent>
		</wp:comment>
	
</item>
