<item>
	<title>AppleInsider | Piper: Apple's $3.9B component deal more evidence of Apple television</title>
	<link>http://blog.brokenrobotllc.com/appleinsider-piper-apples-39b-component-deal</link>
	<pubDate>Sun Feb 06 13:32:00 -0800 2011</pubDate>
	
	<dc:creator><![CDATA[Shaheen Gandhi]]></dc:creator>
	
	

	<category><![CDATA[Uncategorized]]></category>

	<category domain="category" nicename="uncategorized"><![CDATA[Uncategorized]]></category>

  <guid isPermaLink="false">http://blog.brokenrobotllc.com/appleinsider-piper-apples-39b-component-deal</guid>
	<description></description>
	<content:encoded><![CDATA[<div class="posterous_bookmarklet_entry">
      <blockquote class="posterous_long_quote">
The analyst also said that the investment could further signal Apple's intention to enter the television market. Munster has believed <a href="http://www.appleinsider.com/articles/09/02/05/apple_planning_connected_television_apple_tv_with_dvr_report.html">for years</a> that Apple will introduce its own HDTV by the end of calendar year 2012 at the earliest.</blockquote>

<div class="posterous_quote_citation">via <a href="http://www.appleinsider.com/articles/11/02/03/piper_apples_3_9b_component_deal_more_evidence_of_apple_television.html">appleinsider.com</a></div>
    <p>I've hemmed and hawed at the idea that Apple would create a TV.  For a long time, I was convinced that a 32" panel with Apple TV baked in and the opportunity to purchase an iTunes subscription would be perfect.  However, the lack of a music subscription seemed like a non-starter.  Also, people kept reminding me that TVs are such a cut-throat business that even Apple wouldn't be able to charge its requisite 50% margin on the product.</p><p>If anything, Apple would make a TV of its own with Apple TV baked in.  With one or two HDMI inputs, I guess that would make a semi-viable product for today's living room - especially when bundled with an iTunes subscription.</p><p>Apple has pre-bought in its supply chain ever since iPod.  If this $4B investment is in large format LCD screens, I would definitely believe a real Apple TV is coming.</p></div>]]></content:encoded>
	<excerpt:encoded><![CDATA[The analyst also said that the investment could further signal Apple's intention to enter the television market. Munster has believed for years that Apple will introduce its own HDTV by the end of calendar year 2012 at the earliest. via appleinsid...]]></excerpt:encoded>	

	<wp:post_date>Sun Feb 06 13:32:00 -0800 2011</wp:post_date>
	<wp:post_date_gmt>%= display_date %></wp:post_date_gmt>
	<wp:comment_status>open</wp:comment_status>
	<wp:ping_status>open</wp:ping_status>
	<wp:post_name>appleinsider-piper-apples-39b-component-deal</wp:post_name>
	<wp:status>publish</wp:status>
	<wp:post_parent>0</wp:post_parent>
	<wp:menu_order>0</wp:menu_order>
	<wp:post_type>post</wp:post_type>
	<wp:post_password></wp:post_password>
	<wp:is_sticky>0</wp:is_sticky>

	
</item>
