<item>
	<title>Nokia CEO Stephen Elop rallies troops in brutally honest 'burning platform' memo? (update: it's real!) -- Engadget</title>
	<link>http://blog.brokenrobotllc.com/nokia-ceo-stephen-elop-rallies-troops-in-brut</link>
	<pubDate>Tue Feb 08 18:32:00 -0800 2011</pubDate>
	
	<dc:creator><![CDATA[Shaheen Gandhi]]></dc:creator>
	
	

	<category><![CDATA[Uncategorized]]></category>

	<category domain="category" nicename="uncategorized"><![CDATA[Uncategorized]]></category>

  <guid isPermaLink="false">http://blog.brokenrobotllc.com/nokia-ceo-stephen-elop-rallies-troops-in-brut</guid>
	<description></description>
	<content:encoded><![CDATA[<div class="posterous_bookmarklet_entry">
      <blockquote class="posterous_medium_quote">Our competitors aren't taking our market share with devices; they are taking our market share with an entire ecosystem. This means we're going to have to decide how we either build, catalyse or join an ecosystem.</blockquote>

<div class="posterous_quote_citation">via <a href="http://www.engadget.com/2011/02/08/nokia-ceo-stephen-elop-rallies-troops-in-brutally-honest-burnin/">engadget.com</a></div>
    <p>This is some great insight from Stephen Elop.  Microsoft should never have lost him.  I remember seeing Stephen Elop as a fairly erudite person, but I never had the opportunity to see him be this insightful while at Microsoft.  I wonder if it is simply that, at Microsoft, it is easy to be drowned by so many conflicting opinions of very smart people.  Is this different elsewhere?  It obviously helps to be CEO, but maybe it is possible to be analytical & insightful and steer a ship without being at the top.</p><p>Regardless, the outsider has called out Nokia's problems.  I like how he has clearly outlined 3 strategies to solve the major one: build, catalyse or join.  Everyone doubts Nokia's ability to build, and it would be insanely hard to catalyze other ecosystems like Apple's.  I think the only choice they have is to join.</p><p>I'm very anxious to see if Mr. Elop can lead the change in culture of one of the largest organizations in the world.  That would truly be a feat.</p></div>]]></content:encoded>
	<excerpt:encoded><![CDATA[Our competitors aren't taking our market share with devices; they are taking our market share with an entire ecosystem. This means we're going to have to decide how we either build, catalyse or join an ecosystem. via engadget.com This is some grea...]]></excerpt:encoded>	

	<wp:post_date>Tue Feb 08 18:32:00 -0800 2011</wp:post_date>
	<wp:post_date_gmt>%= display_date %></wp:post_date_gmt>
	<wp:comment_status>open</wp:comment_status>
	<wp:ping_status>open</wp:ping_status>
	<wp:post_name>nokia-ceo-stephen-elop-rallies-troops-in-brut</wp:post_name>
	<wp:status>publish</wp:status>
	<wp:post_parent>0</wp:post_parent>
	<wp:menu_order>0</wp:menu_order>
	<wp:post_type>post</wp:post_type>
	<wp:post_password></wp:post_password>
	<wp:is_sticky>0</wp:is_sticky>

	
</item>
