<item>
	<title>Will any 2011 TV best the 2008 Pioneer Kuro? | Crave - CNET</title>
	<link>http://blog.brokenrobotllc.com/will-any-2011-tv-best-the-2008-pioneer-kuro-c</link>
	<pubDate>Tue Feb 22 17:30:00 -0800 2011</pubDate>
	
	<dc:creator><![CDATA[Shaheen Gandhi]]></dc:creator>
	
	

	<category><![CDATA[Uncategorized]]></category>

	<category domain="category" nicename="uncategorized"><![CDATA[Uncategorized]]></category>

  <guid isPermaLink="false">http://blog.brokenrobotllc.com/will-any-2011-tv-best-the-2008-pioneer-kuro-c</guid>
	<description></description>
	<content:encoded><![CDATA[<div class="posterous_bookmarklet_entry">
      <blockquote class="posterous_short_quote">In my opinion, the most amazing thing about the TV industry is this: in more than two and a half years, no TV has delivered better picture quality than the Pioneer Kuro line of plasma TVs.</blockquote>

<div class="posterous_quote_citation">via <a href="http://news.cnet.com/8301-17938_105-20034816-1.html">news.cnet.com</a></div>
    <p>100% agree.  The last of the Kuro line of plasmas have the best color reproduction and contrast ratio of the plasma generation.  I love this series of televisions and was lucky enough to snag one just after Pioneer <a href="http://gigaom.com/video/pioneers-kuro-killing-a-tipping-point-in-the-plasma-era/">announced their demise</a>.  It was a shame when that happened.</p><p>Pioneer announced that the Kuro line would <a href="http://www.itwire.com/your-it-news/home-it/44744-pioneer-kuro-goes-elite-but-not-down-under">come back</a>, but in its new form the panels will be manufactured by Sharp and not Pioneer.  I'm looking forward to the first comparison between them and the original line.</p></div>]]></content:encoded>
	<excerpt:encoded><![CDATA[In my opinion, the most amazing thing about the TV industry is this: in more than two and a half years, no TV has delivered better picture quality than the Pioneer Kuro line of plasma TVs. via news.cnet.com 100% agree. The last of the Kuro line of...]]></excerpt:encoded>	

	<wp:post_date>Tue Feb 22 17:30:00 -0800 2011</wp:post_date>
	<wp:post_date_gmt>%= display_date %></wp:post_date_gmt>
	<wp:comment_status>open</wp:comment_status>
	<wp:ping_status>open</wp:ping_status>
	<wp:post_name>will-any-2011-tv-best-the-2008-pioneer-kuro-c</wp:post_name>
	<wp:status>publish</wp:status>
	<wp:post_parent>0</wp:post_parent>
	<wp:menu_order>0</wp:menu_order>
	<wp:post_type>post</wp:post_type>
	<wp:post_password></wp:post_password>
	<wp:is_sticky>0</wp:is_sticky>

	
</item>
