<item>
	<title>James Cameron champions faster film projection rates</title>
	<link>http://blog.brokenrobotllc.com/james-cameron-champions-faster-film-projectio</link>
	<pubDate>Mon Apr 04 14:52:00 -0700 2011</pubDate>
	
	<dc:creator><![CDATA[Shaheen Gandhi]]></dc:creator>
	
	

	<category><![CDATA[Uncategorized]]></category>

	<category domain="category" nicename="uncategorized"><![CDATA[Uncategorized]]></category>

  <guid isPermaLink="false">http://blog.brokenrobotllc.com/james-cameron-champions-faster-film-projectio</guid>
	<description></description>
	<content:encoded><![CDATA[<div class="posterous_bookmarklet_entry">
      <blockquote class="posterous_medium_quote">They've smoked us," he said, referring to sports broadcasted in higher resolution at faster frame rates. "We're trying to say that going to the movies is a special experience and better than what you have in the home -- except the motion sucks.</blockquote>

<div class="posterous_quote_citation">via <a href="http://latimesblogs.latimes.com/movies/2011/03/james-cameron-champions-faster-film-projection-rates.html">latimesblogs.latimes.com</a></div>
    <p>Completely agree; motion does suck in movies.  Perfectionists like myself spend huge amounts of time and money seeking to remove the vertical tearing that is so easy to see on 24fps film content when the camera pans horizontally.  This is especially disappointing in otherwise epic scenes such as landscape pans in movies like Lord of the Rings or documentaries like Planet Earth.</p><p>I guess if there's anyone that can get the industry to change, it would be James Cameron.</p></div>]]></content:encoded>
	<excerpt:encoded><![CDATA[They've smoked us," he said, referring to sports broadcasted in higher resolution at faster frame rates. "We're trying to say that going to the movies is a special experience and better than what you have in the home -- except the motion sucks. vi...]]></excerpt:encoded>	

	<wp:post_date>Mon Apr 04 14:52:00 -0700 2011</wp:post_date>
	<wp:post_date_gmt>%= display_date %></wp:post_date_gmt>
	<wp:comment_status>open</wp:comment_status>
	<wp:ping_status>open</wp:ping_status>
	<wp:post_name>james-cameron-champions-faster-film-projectio</wp:post_name>
	<wp:status>publish</wp:status>
	<wp:post_parent>0</wp:post_parent>
	<wp:menu_order>0</wp:menu_order>
	<wp:post_type>post</wp:post_type>
	<wp:post_password></wp:post_password>
	<wp:is_sticky>0</wp:is_sticky>

	
</item>
