<item>
	<title>The Prime That Wasn’t</title>
	<link>http://blog.brokenrobotllc.com/the-prime-that-wasnt</link>
	<pubDate>Wed Apr 06 23:43:00 -0700 2011</pubDate>
	
	<dc:creator><![CDATA[Shaheen Gandhi]]></dc:creator>
	
	

	<category><![CDATA[Uncategorized]]></category>

	<category domain="category" nicename="uncategorized"><![CDATA[Uncategorized]]></category>

  <guid isPermaLink="false">http://blog.brokenrobotllc.com/the-prime-that-wasnt</guid>
	<description></description>
	<content:encoded><![CDATA[<div class="posterous_bookmarklet_entry">
      <blockquote class="posterous_short_quote">/^1?$|^(11+?)\1+$/</blockquote>

<div class="posterous_quote_citation">via <a href="http://zmievski.org/2010/08/the-prime-that-wasnt?">zmievski.org</a></div>
    <p>A great post about a simple algorithm that determines whether a number is prime.  Of course, its simplicity does not imply quick runtime.  Regardless, the algorithm ingeniously uses regex patterns to test for factorization.  The article, I think, is more interesting in that it uncovers a bug in PHP's regular expression matching algorithm as the regex relies on backtracking.</p></div>]]></content:encoded>
	<excerpt:encoded><![CDATA[/^1?$|^(11+?)\1+$/ via zmievski.org A great post about a simple algorithm that determines whether a number is prime. Of course, its simplicity does not imply quick runtime. Regardless, the algorithm ingeniously uses regex patterns to test for fact...]]></excerpt:encoded>	

	<wp:post_date>Wed Apr 06 23:43:00 -0700 2011</wp:post_date>
	<wp:post_date_gmt>%= display_date %></wp:post_date_gmt>
	<wp:comment_status>open</wp:comment_status>
	<wp:ping_status>open</wp:ping_status>
	<wp:post_name>the-prime-that-wasnt</wp:post_name>
	<wp:status>publish</wp:status>
	<wp:post_parent>0</wp:post_parent>
	<wp:menu_order>0</wp:menu_order>
	<wp:post_type>post</wp:post_type>
	<wp:post_password></wp:post_password>
	<wp:is_sticky>0</wp:is_sticky>

	
</item>
