<item>
	<title>Cisco shutting down Flip</title>
	<link>http://blog.brokenrobotllc.com/cisco-shutting-down-flip</link>
	<pubDate>Tue Apr 12 10:48:00 -0700 2011</pubDate>
	
	<dc:creator><![CDATA[Shaheen Gandhi]]></dc:creator>
	
	

	<category><![CDATA[Uncategorized]]></category>

	<category domain="category" nicename="uncategorized"><![CDATA[Uncategorized]]></category>

  <guid isPermaLink="false">http://blog.brokenrobotllc.com/cisco-shutting-down-flip</guid>
	<description></description>
	<content:encoded><![CDATA[<div class="posterous_bookmarklet_entry">
      <blockquote class="posterous_short_quote">Cisco will close down its Flip business and “support current FlipShare customers and partners with a transition plan.</blockquote>

<div class="posterous_quote_citation">via <a href="http://techcrunch.com/2011/04/12/cisco-to-shut-down-flip-video-business-will-give-pink-slips-to-550-employees/">techcrunch.com</a></div>
    <p>This is the poorest decision Mr. Chambers has ever made.</p></div>]]></content:encoded>
	<excerpt:encoded><![CDATA[Cisco will close down its Flip business and “support current FlipShare customers and partners with a transition plan. via techcrunch.com This is the poorest decision Mr. Chambers has ever made.]]></excerpt:encoded>	

	<wp:post_date>Tue Apr 12 10:48:00 -0700 2011</wp:post_date>
	<wp:post_date_gmt>%= display_date %></wp:post_date_gmt>
	<wp:comment_status>open</wp:comment_status>
	<wp:ping_status>open</wp:ping_status>
	<wp:post_name>cisco-shutting-down-flip</wp:post_name>
	<wp:status>publish</wp:status>
	<wp:post_parent>0</wp:post_parent>
	<wp:menu_order>0</wp:menu_order>
	<wp:post_type>post</wp:post_type>
	<wp:post_password></wp:post_password>
	<wp:is_sticky>0</wp:is_sticky>

	
</item>
