<item>
	<title>3-D in Movie Theaters</title>
	<link>http://blog.brokenrobotllc.com/3-d-in-movie-theaters</link>
	<pubDate>Mon May 30 22:27:46 -0700 2011</pubDate>
	
	<dc:creator><![CDATA[Shaheen Gandhi]]></dc:creator>
	
	

	<category><![CDATA[Uncategorized]]></category>

	<category domain="category" nicename="uncategorized"><![CDATA[Uncategorized]]></category>

  <guid isPermaLink="false">http://blog.brokenrobotllc.com/3-d-in-movie-theaters</guid>
	<description></description>
	<content:encoded><![CDATA[<a href="http://www.nytimes.com/2011/05/30/business/media/30panda.html?partner=rss&amp;emc=rss">This article</a> reminded me that I wanted to write about 3-D movies. <p /> Many people have written about how 3-D won't work due to physiological <br />issues with eye strain and wearing glasses for extended periods of <br />time. While these issues are real, I have faith that technology will <br />get to the point where these issues are mitigated if not eliminated. <p /> Everyone knows that movies are entertainment, and as such, an <br />unnecessary good. The market has already priced out this good: <br />entertain me for about 2 hours and I will pay $10 for that <br />entertainment. Theaters have thus far priced 3-D movies as a marginal <br />good: 3-D is better and thus should be higher value. The only problem <br />is, it isn't (or at best, the margin is short lived). <p /> I wonder if "talkies" demanded a higher ticket price when they were introduced? <p /> Once 3-D movies cost the same as a regular projection, they will <br />simply become the norm at theaters because all the other reasons to go <br />to the theater (timed releases, big screen, popcorn?) will have <br />eroded. The theater is already becoming a throw-away entertainment <br />activity, and 3-D will be the only thing keeping them alive, until the <br />next technology comes along. Personal surround sound, anyone? <p /> ~s]]></content:encoded>
	<excerpt:encoded><![CDATA[This article reminded me that I wanted to write about 3-D movies. Many people have written about how 3-D won't work due to physiological issues with eye strain and wearing glasses for extended periods of time. While these issues are real, I have f...]]></excerpt:encoded>	

	<wp:post_date>Mon May 30 22:27:46 -0700 2011</wp:post_date>
	<wp:post_date_gmt>%= display_date %></wp:post_date_gmt>
	<wp:comment_status>open</wp:comment_status>
	<wp:ping_status>open</wp:ping_status>
	<wp:post_name>3-d-in-movie-theaters</wp:post_name>
	<wp:status>publish</wp:status>
	<wp:post_parent>0</wp:post_parent>
	<wp:menu_order>0</wp:menu_order>
	<wp:post_type>post</wp:post_type>
	<wp:post_password></wp:post_password>
	<wp:is_sticky>0</wp:is_sticky>

	
		<wp:comment>
			<!-- <wp:comment_id>5</wp:comment_id> -->
			<wp:comment_author><![CDATA[Christopher Palow]]></wp:comment_author>
			<wp:comment_author_email></wp:comment_author_email>
			<wp:comment_author_url></wp:comment_author_url>
			<wp:comment_date>Tue May 31 01:11:29 -0700 2011</wp:comment_date>
			<wp:comment_date_gmt>Tue May 31 01:11:29 -0700 2011</wp:comment_date_gmt>
			<wp:comment_content><![CDATA[I don't think the main reasons to go the theaters are what you listed &quot;timed releases, big screen, popcorn&quot;.  It's mostly a social event and not about the actual movie.  It's why they get away with selling those seats at the bottom where you have to crick your neck for 2 hours straight.]]></wp:comment_content>
			<wp:comment_approved>1</wp:comment_approved>
			<wp:comment_type></wp:comment_type>
			<wp:comment_parent>0</wp:comment_parent>
		</wp:comment>
	
</item>
