<item>
	<title>nest</title>
	<link>http://blog.brokenrobotllc.com/nest</link>
	<pubDate>Thu Oct 27 01:10:00 -0700 2011</pubDate>
	
	<dc:creator><![CDATA[Shaheen Gandhi]]></dc:creator>
	
	

	<category><![CDATA[Uncategorized]]></category>

	<category domain="category" nicename="uncategorized"><![CDATA[Uncategorized]]></category>

  <guid isPermaLink="false">http://blog.brokenrobotllc.com/nest</guid>
	<description></description>
	<content:encoded><![CDATA[<p>In the three months that I have not written on this blog, <a href="http://techcrunch.com/2011/08/18/its-official-hp-kills-off-webos-phones-and-the-touchpad/">HP killed
webOS</a>,
<a href="http://amazon.com/kindle">Amazon became a real device maker</a>, and
<a href="http://apple.com/stevejobs">Steve Jobs passed away</a>.  Technology
really does move fast &ndash; I already have to <a href="http://blog.brokenrobotllc.com/how-hp-became-2">eat my words regarding
HP</a>.  I still think
HP&rsquo;s strategy held water, but it was Mark Hurd&rsquo;s strategy and not in
Leo Apothekar&rsquo;s playbook.</p>

<p>The thing that got me excited enough to write something again was the
announcement of <a href="http://nest.com">nest labs' thermostat</a>.  Now that
the edges of technology have pushed communication forward, it&rsquo;s time
that it helped the every day activities with which we are already
familiar.  nest is a great name because, to me, it obviously implies
the grandiose nature of the company&rsquo;s goals: to change the
technologies used within our homes every day to be more efficient.</p>

<p>A direction I think nest will go in the future is fridges.  <a href="http://business.blogs.cnn.com/2011/05/13/30-of-all-worlds-food-goes-to-waste/">30% of
food is wasted</a>,
and a good portion comes from fridges at home.  Remember being
promised a fridge that would know when food had gone bad and ordered
more groceries?  Seems like something that could be done in the
future.</p>

<p>I&rsquo;ve got high hopes for nest: The world needs people who are willing
to bring design and usability to products that live in perpetual
mediocrity.  We can&rsquo;t wait for Apple to get bored with media
consumption to go start building smart lamps.</p>

<p>~s</p>]]></content:encoded>
	<excerpt:encoded><![CDATA[In the three months that I have not written on this blog, HP killed webOS, Amazon became a real device maker, and Steve Jobs passed away. Technology really does move fast – I already have to eat my words regarding HP. I still think HP’s strategy h...]]></excerpt:encoded>	

	<wp:post_date>Thu Oct 27 01:10:00 -0700 2011</wp:post_date>
	<wp:post_date_gmt>%= display_date %></wp:post_date_gmt>
	<wp:comment_status>open</wp:comment_status>
	<wp:ping_status>open</wp:ping_status>
	<wp:post_name>nest</wp:post_name>
	<wp:status>publish</wp:status>
	<wp:post_parent>0</wp:post_parent>
	<wp:menu_order>0</wp:menu_order>
	<wp:post_type>post</wp:post_type>
	<wp:post_password></wp:post_password>
	<wp:is_sticky>0</wp:is_sticky>

	
		<wp:comment>
			<!-- <wp:comment_id>5</wp:comment_id> -->
			<wp:comment_author><![CDATA[]]></wp:comment_author>
			<wp:comment_author_email></wp:comment_author_email>
			<wp:comment_author_url></wp:comment_author_url>
			<wp:comment_date>Wed Nov 23 22:59:08 -0800 2011</wp:comment_date>
			<wp:comment_date_gmt>Wed Nov 23 22:59:08 -0800 2011</wp:comment_date_gmt>
			<wp:comment_content><![CDATA[Our next just arrived, and I'm installing it now. VERY excited about this product. The disc itself is very beautiful.]]></wp:comment_content>
			<wp:comment_approved>1</wp:comment_approved>
			<wp:comment_type></wp:comment_type>
			<wp:comment_parent>0</wp:comment_parent>
		</wp:comment>
	
</item>
